,Age,Salary,Children,AmountSpent,Gender_Female,Gender_Male,OwnHome_Own,OwnHome_Rent,Married_Married,Married_Single,Location_Close,Location_Far,History_High,History_Low,History_Medium,Catalogs_6,Catalogs_12,Catalogs_18,Catalogs_24
0,Old,47500,0,755,1,0,1,0,0,1,0,1,0,1,0,1,0,0,0
1,Middle,63600,0,1318,0,1,0,1,0,1,1,0,0,0,1,1,0,0,0
2,Young,13500,0,296,1,0,0,1,0,1,1,0,0,0,1,0,0,1,0
3,Middle,85600,1,2436,0,1,1,0,1,0,1,0,1,0,0,0,0,1,0
4,Middle,68400,0,1304,1,0,1,0,0,1,1,0,1,0,0,0,1,0,0
5,Young,30400,0,495,0,1,1,0,1,0,1,0,1,0,0,1,0,0,0
6,Middle,48100,0,782,1,0,0,1,0,1,1,0,1,0,0,0,1,0,0
7,Middle,68400,0,1155,0,1,1,0,0,1,1,0,0,1,0,0,0,1,0
8,Middle,51900,3,158,1,0,1,0,1,0,1,0,1,0,0,1,0,0,0
9,Old,80700,0,3034,0,1,1,0,1,0,0,1,1,0,0,0,0,1,0
10,Young,43700,1,927,0,1,0,1,1,0,1,0,0,0,1,0,1,0,0
11,Middle,111800,3,2065,0,1,1,0,1,0,0,1,1,0,0,0,0,1,0
12,Middle,44100,1,704,1,0,1,0,1,0,1,0,1,0,0,0,0,0,1
13,Middle,111400,0,2136,0,1,1,0,1,0,1,0,1,0,0,0,1,0,0
14,Old,110000,0,5564,1,0,1,0,1,0,0,1,0,0,1,0,0,0,1
15,Middle,83100,1,2766,1,0,1,0,1,0,0,1,0,0,1,0,1,0,0
16,Old,82800,0,3010,1,0,1,0,1,0,1,0,0,1,0,0,0,0,1
17,Middle,90100,0,1956,0,1,1,0,1,0,1,0,0,0,1,0,0,1,0
18,Middle,38600,1,542,0,1,0,1,0,1,1,0,0,1,0,0,0,1,0
19,Old,14000,0,410,1,0,0,1,0,1,0,1,0,1,0,0,1,0,0
20,Young,14300,2,194,1,0,0,1,0,1,0,1,0,1,0,1,0,0,0
21,Young,49800,0,827,0,1,0,1,1,0,1,0,1,0,0,0,1,0,0
22,Old,60200,0,2328,1,0,0,1,1,0,0,1,0,0,1,0,0,1,0
23,Young,43500,1,808,0,1,0,1,1,0,0,1,1,0,0,0,1,0,0
24,Young,41700,1,521,1,0,0,1,1,0,1,0,1,0,0,1,0,0,0
25,Middle,92300,3,655,1,0,1,0,1,0,1,0,0,1,0,0,0,1,0
26,Middle,62800,3,707,0,1,1,0,0,1,1,0,1,0,0,1,0,0,0
27,Middle,72900,0,2075,1,0,0,1,1,0,0,1,1,0,0,0,0,1,0
28,Middle,66900,2,769,1,0,0,1,1,0,1,0,0,0,1,0,1,0,0
29,Young,21700,1,774,0,1,0,1,0,1,1,0,0,0,1,0,0,1,0
30,Old,39700,0,573,1,0,0,1,1,0,1,0,0,0,1,0,1,0,0
31,Middle,72200,1,2082,0,1,0,1,1,0,0,1,1,0,0,0,1,0,0
32,Middle,0,3,962,1,0,0,1,1,0,1,0,1,0,0,0,0,0,1
33,Middle,104100,0,2636,0,1,1,0,1,0,1,0,0,1,0,0,0,0,1
34,Middle,67700,0,2226,0,1,0,1,0,1,0,1,0,0,1,0,1,0,0
35,Middle,27000,2,183,1,0,1,0,0,1,1,0,0,1,0,1,0,0,0
36,Middle,64100,2,1595,1,0,1,0,0,1,0,1,0,1,0,0,0,0,1
37,Middle,47000,1,584,0,1,0,1,0,1,1,0,0,1,0,0,1,0,0
38,Old,41600,0,982,1,0,1,0,1,0,1,0,1,0,0,0,0,1,0
39,Old,20100,0,576,1,0,0,1,0,1,1,0,1,0,0,0,0,0,1
40,Middle,64000,3,410,0,1,1,0,0,1,1,0,0,1,0,0,1,0,0
41,Middle,96800,3,3082,1,0,1,0,1,0,0,1,0,0,1,0,0,0,1
42,Middle,76200,1,2437,0,1,0,1,1,0,1,0,1,0,0,0,0,0,1
43,Old,81500,0,3655,1,0,0,1,1,0,0,1,0,0,1,0,0,1,0
44,Middle,49600,1,844,1,0,1,0,0,1,1,0,1,0,0,0,1,0,0
45,Old,111500,0,2510,1,0,1,0,1,0,1,0,0,0,1,0,0,1,0
46,Middle,77700,0,983,0,1,1,0,1,0,1,0,0,0,1,1,0,0,0
47,Young,58900,0,1215,0,1,1,0,1,0,1,0,1,0,0,0,0,1,0
48,Middle,126500,2,2000,0,1,1,0,1,0,1,0,0,0,1,0,0,1,0
49,Middle,83300,1,2574,1,0,1,0,1,0,1,0,0,0,1,0,0,0,1
50,Middle,90500,1,1116,1,0,1,0,1,0,1,0,0,0,1,1,0,0,0
51,Middle,87200,0,3604,1,0,1,0,1,0,0,1,0,1,0,0,0,1,0
52,Middle,105300,1,3360,1,0,1,0,1,0,1,0,0,0,1,0,0,0,1
53,Middle,56000,3,962,1,0,1,0,0,1,0,1,1,0,0,1,0,0,0
54,Middle,46600,0,906,1,0,0,1,0,1,1,0,0,1,0,0,0,0,1
55,Old,69800,0,2764,0,1,0,1,1,0,1,0,1,0,0,0,0,0,1
56,Middle,60300,0,1263,0,1,1,0,0,1,1,0,0,1,0,0,0,0,1
57,Young,67800,0,1084,0,1,0,1,1,0,1,0,1,0,0,0,1,0,0
58,Middle,42300,0,1051,0,1,0,1,0,1,1,0,0,0,1,0,0,0,1
59,Young,33700,0,614,1,0,1,0,1,0,0,1,1,0,0,1,0,0,0
60,Middle,62700,2,704,0,1,1,0,0,1,1,0,0,0,1,0,1,0,0
61,Young,25900,2,962,1,0,1,0,0,1,1,0,0,1,0,0,1,0,0
62,Young,15600,1,136,1,0,1,0,0,1,1,0,0,0,1,1,0,0,0
63,Old,14600,0,468,1,0,1,0,0,1,1,0,1,0,0,0,0,0,1
64,Old,62600,0,565,1,0,1,0,1,0,1,0,1,0,0,1,0,0,0
65,Young,66700,0,1310,0,1,0,1,1,0,1,0,0,1,0,0,0,1,0
66,Middle,72500,0,2595,0,1,1,0,1,0,0,1,1,0,0,0,0,0,1
67,Young,13200,0,358,1,0,0,1,0,1,0,1,0,0,1,0,0,0,1
68,Middle,51300,0,1424,1,0,1,0,0,1,1,0,0,1,0,0,0,0,1
69,Middle,72300,0,4182,0,1,1,0,0,1,0,1,0,0,1,0,0,0,1
70,Young,15600,0,468,1,0,0,1,0,1,1,0,1,0,0,0,1,0,0
71,Middle,90400,1,2924,1,0,1,0,1,0,0,1,0,0,1,0,0,1,0
72,Middle,71500,0,964,0,1,1,0,0,1,0,1,0,0,1,1,0,0,0
73,Young,14400,0,615,0,1,0,1,0,1,1,0,0,1,0,0,0,0,1
74,Young,15000,3,38,0,1,0,1,0,1,1,0,0,0,1,1,0,0,0
75,Middle,57600,1,1006,0,1,1,0,0,1,1,0,0,0,1,1,0,0,0
76,Young,0,3,307,1,0,0,1,1,0,1,0,1,0,0,0,1,0,0
77,Middle,84300,2,1648,0,1,1,0,1,0,0,1,0,0,1,0,0,1,0
78,Young,24400,1,220,1,0,1,0,0,1,1,0,0,0,1,1,0,0,0
79,Young,22100,2,280,1,0,0,1,0,1,1,0,0,1,0,0,0,1,0
80,Middle,48800,2,1647,0,1,0,1,1,0,0,1,0,1,0,0,1,0,0
81,Middle,74700,1,704,1,0,1,0,1,0,1,0,1,0,0,1,0,0,0
82,Young,32400,1,920,1,0,0,1,0,1,0,1,0,1,0,0,0,0,1
83,Old,11400,0,258,1,0,1,0,0,1,1,0,0,0,1,1,0,0,0
84,Middle,127000,0,1821,0,1,1,0,1,0,1,0,0,0,1,0,1,0,0
85,Middle,47200,0,1587,0,1,0,1,0,1,1,0,0,0,1,0,0,1,0
86,Middle,48700,2,528,1,0,1,0,0,1,1,0,0,1,0,0,1,0,0
87,Young,20400,0,867,0,1,0,1,0,1,0,1,0,0,1,0,0,1,0
88,Middle,39000,0,643,0,1,0,1,0,1,1,0,0,0,1,1,0,0,0
89,Young,12900,1,107,1,0,0,1,0,1,1,0,0,1,0,1,0,0,0
90,Middle,67300,1,1513,1,0,0,1,1,0,0,1,0,0,1,0,0,1,0
91,Old,134500,0,4558,0,1,1,0,1,0,1,0,0,1,0,0,0,0,1
92,Old,75500,0,741,0,1,1,0,1,0,1,0,0,0,1,1,0,0,0
93,Old,33600,2,805,1,0,1,0,1,0,0,1,0,0,1,0,1,0,0
94,Young,16300,1,470,1,0,0,1,0,1,1,0,1,0,0,0,1,0,0
95,Young,27400,1,278,0,1,0,1,1,0,1,0,1,0,0,1,0,0,0
96,Middle,110400,3,1093,1,0,1,0,1,0,1,0,1,0,0,0,0,0,1
97,Young,21100,1,470,1,0,0,1,0,1,0,1,1,0,0,1,0,0,0
98,Middle,81200,0,1856,0,1,1,0,1,0,1,0,0,1,0,0,0,0,1
99,Middle,87100,2,962,0,1,0,1,1,0,0,1,0,1,0,0,0,1,0
100,Young,21700,3,708,1,0,0,1,0,1,0,1,1,0,0,0,0,0,1
101,Middle,42200,0,1753,1,0,0,1,0,1,1,0,0,0,1,0,0,1,0
102,Middle,59000,0,3044,0,1,0,1,0,1,0,1,0,1,0,0,0,0,1
103,Middle,52700,2,855,1,0,1,0,0,1,1,0,1,0,0,0,0,1,0
104,Young,20900,0,550,0,1,1,0,0,1,1,0,0,1,0,0,0,0,1
105,Middle,90700,3,2265,0,1,1,0,1,0,0,1,0,0,1,0,0,0,1
106,Old,91800,0,2452,1,0,1,0,1,0,0,1,0,1,0,0,0,0,1
107,Young,27900,0,1184,1,0,1,0,0,1,0,1,1,0,0,0,0,1,0
108,Old,70700,0,2150,1,0,1,0,1,0,1,0,0,1,0,0,0,0,1
109,Middle,79600,2,1575,0,1,1,0,1,0,1,0,0,1,0,1,0,0,0
110,Middle,96400,1,1822,0,1,0,1,1,0,1,0,1,0,0,0,0,0,1
111,Middle,46600,2,1153,1,0,1,0,0,1,1,0,0,1,0,0,0,1,0
112,Old,106600,0,1877,0,1,1,0,1,0,1,0,0,0,1,0,1,0,0
113,Middle,104900,3,450,1,0,0,1,1,0,1,0,1,0,0,1,0,0,0
114,Old,56300,0,873,0,1,0,1,0,1,1,0,0,0,1,1,0,0,0
115,Young,14800,1,209,1,0,0,1,0,1,1,0,0,1,0,1,0,0,0
116,Old,58300,0,1472,0,1,1,0,1,0,1,0,0,0,1,0,0,0,1
117,Middle,70200,0,1702,0,1,1,0,0,1,0,1,0,0,1,0,1,0,0
118,Old,59700,0,1857,0,1,1,0,1,0,0,1,0,1,0,0,0,1,0
119,Young,25800,0,451,0,1,0,1,0,1,1,0,0,1,0,1,0,0,0
120,Young,12000,0,344,1,0,0,1,0,1,1,0,0,0,1,0,0,0,1
121,Middle,51900,0,1492,0,1,0,1,0,1,0,1,0,0,1,0,0,1,0
122,Middle,66800,3,2098,1,0,1,0,0,1,0,1,0,1,0,0,0,0,1
123,Middle,105300,1,3505,0,1,1,0,1,0,1,0,0,1,0,0,0,1,0
124,Young,13800,3,127,1,0,0,1,0,1,0,1,1,0,0,1,0,0,0
125,Young,14800,3,436,0,1,0,1,0,1,1,0,1,0,0,0,1,0,0
126,Middle,44200,0,2524,1,0,1,0,1,0,0,1,0,0,1,0,0,0,1
127,Young,10400,0,189,0,1,0,1,0,1,1,0,0,0,1,0,0,1,0
128,Middle,35200,0,607,1,0,1,0,0,1,1,0,0,0,1,0,1,0,0
129,Young,16100,0,202,1,0,0,1,0,1,0,1,0,1,0,1,0,0,0
130,Middle,113000,2,1554,0,1,1,0,1,0,1,0,0,0,1,0,0,1,0
131,Middle,63300,2,633,0,1,1,0,1,0,1,0,0,0,1,1,0,0,0
132,Young,19100,0,176,0,1,0,1,0,1,1,0,0,0,1,1,0,0,0
133,Middle,93400,2,3079,1,0,1,0,1,0,1,0,0,1,0,0,0,0,1
134,Old,52500,0,2038,1,0,0,1,1,0,0,1,0,0,1,0,0,0,1
135,Middle,45400,3,1203,1,0,0,1,1,0,0,1,0,0,1,0,0,0,1
136,Young,21400,3,326,1,0,1,0,0,1,0,1,1,0,0,1,0,0,0
137,Middle,53700,3,235,1,0,1,0,0,1,1,0,0,0,1,0,1,0,0
138,Young,68000,0,3688,1,0,1,0,1,0,0,1,0,1,0,0,0,0,1
139,Young,17400,0,332,0,1,0,1,0,1,1,0,0,1,0,0,1,0,0
140,Young,14600,1,143,1,0,0,1,0,1,1,0,1,0,0,1,0,0,0
141,Old,100100,0,3104,1,0,1,0,1,0,0,1,0,0,1,0,1,0,0
142,Middle,103700,1,2339,0,1,1,0,1,0,0,1,0,1,0,0,0,0,1
143,Young,10800,3,123,1,0,0,1,0,1,0,1,0,1,0,1,0,0,0
144,Middle,81700,3,879,1,0,1,0,1,0,1,0,0,1,0,0,0,0,1
145,Old,21400,0,498,1,0,0,1,0,1,1,0,1,0,0,0,0,1,0
146,Old,114800,0,3596,1,0,1,0,1,0,1,0,0,0,1,0,0,1,0
147,Old,67900,0,2925,1,0,1,0,1,0,0,1,1,0,0,0,0,0,1
148,Middle,53700,1,1081,0,1,1,0,1,0,1,0,0,0,1,0,1,0,0
149,Young,11400,3,312,1,0,0,1,0,1,0,1,0,0,1,0,1,0,0
150,Young,34300,3,1297,0,1,0,1,1,0,1,0,0,1,0,0,1,0,0
151,Young,16400,1,218,1,0,0,1,0,1,1,0,0,1,0,0,1,0,0
152,Middle,109800,0,4279,1,0,1,0,1,0,0,1,1,0,0,0,0,1,0
153,Middle,64200,0,1642,0,1,1,0,0,1,1,0,0,1,0,0,0,1,0
154,Young,17000,0,581,0,1,0,1,0,1,1,0,0,0,1,0,0,1,0
155,Middle,41400,3,223,1,0,0,1,0,1,1,0,0,1,0,1,0,0,0
156,Middle,49100,2,474,1,0,1,0,0,1,1,0,0,1,0,1,0,0,0
157,Old,42600,0,1790,1,0,1,0,0,1,0,1,1,0,0,0,0,0,1
158,Young,11900,1,143,1,0,0,1,0,1,1,0,0,1,0,1,0,0,0
159,Middle,113600,2,3237,0,1,1,0,1,0,0,1,1,0,0,0,0,1,0
160,Middle,52900,1,2316,0,1,1,0,0,1,1,0,1,0,0,0,0,0,1
161,Young,14300,1,458,1,0,0,1,0,1,1,0,1,0,0,0,0,1,0
162,Young,21000,0,646,0,1,0,1,0,1,1,0,0,0,1,0,0,0,1
163,Middle,59600,2,1217,0,1,1,0,0,1,0,1,1,0,0,0,0,1,0
164,Middle,39700,3,962,1,0,0,1,0,1,1,0,0,1,0,0,1,0,0
165,Old,51200,0,1293,0,1,1,0,1,0,1,0,0,1,0,0,1,0,0
166,Middle,88200,0,2749,1,0,1,0,1,0,1,0,0,0,1,0,0,0,1
167,Middle,122100,0,2408,0,1,1,0,1,0,0,1,0,1,0,0,1,0,0
168,Old,84800,0,2624,1,0,0,1,1,0,1,0,0,1,0,0,0,1,0
169,Middle,140000,0,4894,0,1,1,0,1,0,0,1,0,1,0,0,1,0,0
170,Old,28500,0,621,1,0,1,0,0,1,1,0,0,0,1,0,0,0,1
171,Middle,60300,0,701,0,1,0,1,0,1,1,0,0,1,0,1,0,0,0
172,Young,51900,0,780,1,0,0,1,1,0,0,1,0,0,1,1,0,0,0
173,Middle,60200,0,1365,0,1,1,0,0,1,1,0,0,1,0,0,1,0,0
174,Middle,81200,0,2693,0,1,1,0,1,0,0,1,0,0,1,0,1,0,0
175,Old,73100,0,1582,0,1,1,0,1,0,1,0,0,0,1,1,0,0,0
176,Old,45700,0,724,0,1,1,0,0,1,1,0,1,0,0,0,0,1,0
177,Old,28900,0,830,1,0,0,1,0,1,1,0,0,0,1,0,1,0,0
178,Young,60100,0,1594,1,0,0,1,1,0,1,0,0,0,1,0,0,1,0
179,Middle,84800,1,1826,1,0,1,0,1,0,1,0,0,1,0,0,1,0,0
180,Old,35000,0,473,1,0,1,0,1,0,1,0,1,0,0,1,0,0,0
181,Young,61700,0,1161,1,0,0,1,1,0,1,0,0,1,0,0,1,0,0
182,Old,46900,0,703,1,0,0,1,1,0,1,0,0,1,0,1,0,0,0
183,Middle,123600,1,1892,1,0,1,0,1,0,1,0,0,1,0,0,1,0,0
184,Young,45800,0,489,0,1,0,1,1,0,1,0,0,1,0,1,0,0,0
185,Middle,77800,1,1813,0,1,1,0,1,0,0,1,1,0,0,0,0,1,0
186,Middle,48700,1,1457,1,0,1,0,0,1,1,0,1,0,0,0,1,0,0
187,Middle,0,3,292,1,0,0,1,0,1,0,1,1,0,0,1,0,0,0
188,Young,40000,0,613,1,0,0,1,1,0,1,0,0,1,0,1,0,0,0
189,Middle,118300,1,2681,1,0,0,1,1,0,1,0,1,0,0,0,0,1,0
190,Young,27100,2,437,1,0,1,0,0,1,1,0,1,0,0,0,0,0,1
191,Middle,91000,2,708,1,0,0,1,1,0,1,0,1,0,0,1,0,0,0
192,Middle,35300,0,1093,1,0,1,0,1,0,1,0,1,0,0,0,0,0,1
193,Young,10200,2,213,1,0,0,1,0,1,0,1,0,1,0,0,0,1,0
194,Young,12500,1,202,1,0,0,1,0,1,1,0,1,0,0,1,0,0,0
195,Old,64600,0,1298,1,0,1,0,0,1,1,0,0,0,1,1,0,0,0
196,Middle,113800,0,3273,0,1,1,0,1,0,0,1,1,0,0,0,1,0,0
197,Middle,113400,3,1790,0,1,1,0,1,0,0,1,0,0,1,0,0,1,0
198,Young,16900,1,247,1,0,0,1,0,1,1,0,1,0,0,1,0,0,0
199,Young,13600,1,183,1,0,0,1,0,1,1,0,1,0,0,1,0,0,0
200,Middle,100100,1,3491,0,1,1,0,1,0,0,1,0,1,0,0,0,0,1
201,Old,80000,0,1985,1,0,1,0,1,0,0,1,0,0,1,1,0,0,0
202,Middle,83900,0,1721,0,1,1,0,1,0,1,0,1,0,0,0,0,0,1
203,Middle,77000,0,2104,0,1,1,0,1,0,1,0,0,0,1,0,1,0,0
204,Middle,72900,3,252,1,0,0,1,1,0,1,0,0,0,1,1,0,0,0
205,Young,80700,3,202,0,1,0,1,1,0,1,0,0,1,0,1,0,0,0
206,Young,40900,1,962,1,0,0,1,1,0,1,0,1,0,0,0,0,1,0
207,Young,26700,1,459,1,0,0,1,0,1,1,0,1,0,0,0,1,0,0
208,Middle,54700,0,848,0,1,1,0,1,0,1,0,0,0,1,0,0,1,0
209,Old,23600,1,161,1,0,0,1,1,0,1,0,0,1,0,1,0,0,0
210,Middle,56900,0,1857,0,1,0,1,0,1,0,1,0,0,1,0,0,0,1
211,Middle,68700,1,1699,0,1,1,0,0,1,0,1,0,0,1,0,0,0,1
212,Young,19300,1,308,1,0,0,1,0,1,1,0,0,0,1,0,0,0,1
213,Young,20200,1,500,0,1,0,1,1,0,0,1,0,1,0,0,0,0,1
214,Middle,61500,3,1162,1,0,0,1,1,0,0,1,0,0,1,0,0,0,1
215,Middle,101700,1,2551,1,0,1,0,1,0,0,1,1,0,0,0,0,0,1
216,Middle,120800,1,5830,1,0,0,1,1,0,0,1,1,0,0,0,0,0,1
217,Young,17300,1,381,1,0,0,1,0,1,0,1,0,1,0,0,0,1,0
218,Young,42300,0,856,1,0,0,1,1,0,1,0,0,0,1,1,0,0,0
219,Middle,53300,0,1720,0,1,0,1,0,1,1,0,0,0,1,0,0,1,0
220,Middle,42800,0,759,1,0,0,1,0,1,1,0,0,0,1,0,1,0,0
221,Middle,98400,0,3305,0,1,1,0,1,0,1,0,1,0,0,0,0,1,0
222,Middle,51200,0,1257,1,0,1,0,0,1,1,0,0,0,1,0,0,1,0
223,Old,62200,0,1583,0,1,1,0,0,1,1,0,1,0,0,0,1,0,0
224,Middle,109200,3,1102,0,1,1,0,1,0,1,0,0,1,0,0,0,0,1
225,Young,11400,2,962,1,0,0,1,0,1,1,0,0,0,1,1,0,0,0
226,Young,14000,0,229,1,0,0,1,0,1,1,0,0,1,0,0,1,0,0
227,Old,97000,0,2599,1,0,0,1,1,0,1,0,0,1,0,0,0,0,1
228,Young,29600,3,774,1,0,1,0,0,1,0,1,1,0,0,0,1,0,0
229,Old,71200,1,638,0,1,1,0,1,0,1,0,0,0,1,0,1,0,0
230,Old,15000,0,378,1,0,0,1,0,1,0,1,0,0,1,0,1,0,0
231,Middle,64000,1,1552,0,1,0,1,1,0,0,1,0,1,0,1,0,0,0
232,Old,33000,0,979,0,1,1,0,1,0,0,1,1,0,0,0,1,0,0
233,Old,74400,0,2479,1,0,1,0,1,0,1,0,0,1,0,0,0,1,0
234,Young,20300,2,450,0,1,0,1,0,1,0,1,0,1,0,0,0,0,1
235,Middle,68700,0,2763,0,1,0,1,1,0,1,0,0,1,0,0,0,0,1
236,Young,53600,3,1560,0,1,0,1,1,0,0,1,0,1,0,0,0,0,1
237,Old,33200,0,1037,1,0,1,0,0,1,1,0,0,0,1,0,0,0,1
238,Young,70900,0,690,1,0,1,0,1,0,0,1,1,0,0,1,0,0,0
239,Young,23200,3,770,1,0,0,1,0,1,1,0,0,0,1,0,0,0,1
240,Young,41400,0,643,0,1,1,0,0,1,1,0,0,1,0,0,0,1,0
241,Young,63200,0,1512,1,0,0,1,1,0,1,0,1,0,0,0,0,0,1
242,Old,107400,0,1485,0,1,1,0,1,0,1,0,0,1,0,0,1,0,0
243,Young,13900,0,570,0,1,0,1,0,1,0,1,0,1,0,0,0,0,1
244,Middle,79900,1,1165,1,0,0,1,1,0,1,0,0,0,1,0,0,1,0
245,Middle,120000,3,1926,0,1,1,0,1,0,0,1,0,0,1,0,0,1,0
246,Old,66300,0,2243,0,1,0,1,1,0,0,1,0,0,1,0,0,1,0
247,Middle,54400,3,342,1,0,1,0,0,1,1,0,0,1,0,0,0,1,0
248,Middle,84200,0,1654,0,1,1,0,1,0,1,0,1,0,0,0,0,0,1
249,Young,13800,0,363,1,0,0,1,1,0,1,0,0,1,0,0,0,1,0
250,Young,14500,1,222,1,0,0,1,0,1,0,1,0,1,0,1,0,0,0
251,Young,21300,0,677,0,1,0,1,0,1,1,0,1,0,0,0,0,0,1
252,Old,29000,0,482,0,1,0,1,0,1,1,0,0,0,1,1,0,0,0
253,Old,14600,1,385,1,0,0,1,0,1,1,0,0,0,1,0,0,0,1
254,Old,65300,0,1443,0,1,1,0,0,1,1,0,1,0,0,0,0,1,0
255,Middle,100800,1,1789,1,0,1,0,1,0,1,0,0,0,1,0,0,0,1
256,Young,19800,1,991,1,0,0,1,0,1,0,1,0,0,1,0,0,0,1
257,Middle,56700,2,536,0,1,1,0,0,1,1,0,0,0,1,0,0,1,0
258,Old,90200,0,2183,0,1,0,1,1,0,1,0,0,1,0,0,0,1,0
259,Young,26100,1,494,0,1,0,1,0,1,1,0,1,0,0,1,0,0,0
260,Young,15900,0,503,1,0,0,1,0,1,1,0,1,0,0,0,0,1,0
261,Young,12700,3,87,1,0,0,1,0,1,1,0,0,0,1,0,1,0,0
262,Middle,43200,0,917,0,1,0,1,0,1,1,0,0,0,1,0,0,0,1
263,Middle,114100,1,1976,1,0,0,1,1,0,1,0,0,1,0,0,0,0,1
264,Middle,96100,3,316,0,1,1,0,1,0,1,0,0,1,0,0,1,0,0
265,Middle,97200,0,1634,0,1,1,0,1,0,1,0,1,0,0,0,1,0,0
266,Middle,82400,2,2035,0,1,1,0,1,0,0,1,0,0,1,0,0,0,1
267,Old,62000,0,3293,0,1,1,0,0,1,0,1,0,0,1,0,0,0,1
268,Young,13400,1,143,1,0,0,1,0,1,1,0,0,1,0,0,1,0,0
269,Middle,108200,3,635,0,1,1,0,1,0,1,0,0,0,1,0,1,0,0
270,Young,76200,0,979,1,0,1,0,1,0,1,0,0,1,0,0,1,0,0
271,Middle,81800,1,1838,0,1,0,1,1,0,1,0,0,1,0,0,0,1,0
272,Young,12000,0,264,1,0,0,1,0,1,0,1,0,0,1,1,0,0,0
273,Middle,76100,0,719,0,1,1,0,1,0,1,0,0,1,0,1,0,0,0
274,Middle,82100,1,1308,0,1,1,0,1,0,1,0,1,0,0,0,0,1,0
275,Old,103300,0,3378,1,0,1,0,1,0,1,0,0,0,1,0,0,0,1
276,Young,14200,1,400,0,1,0,1,0,1,1,0,0,1,0,0,0,0,1
277,Middle,47500,0,847,1,0,1,0,0,1,0,1,0,1,0,1,0,0,0
278,Young,31300,1,357,1,0,0,1,0,1,1,0,1,0,0,1,0,0,0
279,Young,32700,1,1276,1,0,0,1,1,0,0,1,1,0,0,0,0,1,0
280,Middle,72200,0,2492,0,1,1,0,1,0,1,0,1,0,0,0,0,0,1
281,Middle,107600,2,1512,1,0,1,0,1,0,1,0,0,1,0,0,1,0,0
282,Middle,109900,2,870,0,1,1,0,1,0,1,0,0,0,1,0,1,0,0
283,Middle,65400,2,938,1,0,1,0,1,0,1,0,1,0,0,0,0,0,1
284,Old,43300,0,1584,1,0,1,0,0,1,1,0,1,0,0,0,1,0,0
285,Old,51900,0,1148,1,0,1,0,0,1,1,0,0,0,1,0,1,0,0
286,Middle,80600,0,2840,1,0,1,0,1,0,0,1,0,0,1,0,0,0,1
287,Middle,42700,0,827,1,0,0,1,0,1,1,0,0,1,0,0,1,0,0
288,Young,19000,0,428,0,1,0,1,0,1,0,1,0,0,1,0,1,0,0
289,Young,14500,1,183,1,0,0,1,0,1,1,0,0,0,1,1,0,0,0
290,Middle,68200,1,818,1,0,1,0,1,0,1,0,0,1,0,1,0,0,0
291,Young,36700,0,731,0,1,0,1,1,0,1,0,1,0,0,0,1,0,0
292,Old,54600,0,2163,0,1,1,0,1,0,0,1,1,0,0,0,0,0,1
293,Middle,65900,1,1081,0,1,1,0,1,0,1,0,1,0,0,0,1,0,0
294,Young,39600,0,1085,0,1,1,0,0,1,0,1,0,1,0,0,1,0,0
295,Young,67300,3,1212,0,1,0,1,1,0,0,1,0,0,1,1,0,0,0
296,Middle,59700,1,1422,0,1,1,0,0,1,1,0,0,1,0,0,0,1,0
297,Middle,102800,2,2238,1,0,1,0,1,0,0,1,0,0,1,0,0,1,0
298,Middle,34700,0,1615,1,0,0,1,0,1,1,0,0,1,0,0,0,1,0
299,Middle,50600,3,713,0,1,1,0,0,1,1,0,0,0,1,1,0,0,0
300,Middle,106700,2,607,0,1,0,1,1,0,1,0,1,0,0,1,0,0,0
301,Middle,53900,1,735,0,1,0,1,0,1,1,0,0,0,1,1,0,0,0
302,Young,25500,2,139,1,0,0,1,1,0,1,0,1,0,0,1,0,0,0
303,Young,46300,1,1357,0,1,0,1,1,0,0,1,1,0,0,0,0,1,0
304,Old,55500,0,858,0,1,1,0,1,0,1,0,1,0,0,0,0,1,0
305,Young,27800,3,408,1,0,1,0,0,1,1,0,0,1,0,0,1,0,0
306,Middle,118600,1,1553,0,1,1,0,1,0,1,0,0,1,0,0,1,0,0
307,Middle,130700,3,2070,1,0,1,0,1,0,1,0,1,0,0,1,0,0,0
308,Old,42800,0,922,0,1,0,1,0,1,1,0,0,0,1,0,1,0,0
309,Middle,118300,1,2502,1,0,1,0,1,0,0,1,0,0,1,0,1,0,0
310,Young,25600,2,426,1,0,0,1,0,1,0,1,0,1,0,0,0,1,0
311,Middle,63500,2,2321,0,1,0,1,1,0,1,0,0,1,0,0,0,0,1
312,Old,30900,0,862,1,0,1,0,0,1,1,0,0,1,0,0,0,1,0
313,Middle,55900,1,2555,0,1,1,0,0,1,1,0,0,1,0,0,0,0,1
314,Middle,53900,0,1186,0,1,1,0,0,1,0,1,0,0,1,0,1,0,0
315,Old,84300,0,2842,0,1,1,0,1,0,1,0,1,0,0,0,0,0,1
316,Old,53400,1,886,0,1,1,0,0,1,1,0,1,0,0,0,1,0,0
317,Middle,96900,1,1420,0,1,1,0,1,0,1,0,1,0,0,0,1,0,0
318,Middle,55800,1,821,0,1,0,1,0,1,0,1,0,1,0,1,0,0,0
319,Young,25900,1,242,1,0,0,1,1,0,1,0,0,1,0,1,0,0,0
320,Young,22000,1,472,1,0,0,1,0,1,1,0,0,0,1,0,1,0,0
321,Middle,96700,2,1231,1,0,0,1,1,0,1,0,0,0,1,0,1,0,0
322,Middle,40200,1,881,1,0,0,1,0,1,1,0,1,0,0,0,1,0,0
323,Old,26800,0,435,0,1,1,0,1,0,1,0,1,0,0,0,1,0,0
324,Young,16700,2,108,1,0,0,1,0,1,1,0,0,0,1,0,1,0,0
325,Young,40900,2,576,1,0,0,1,1,0,1,0,0,1,0,0,0,1,0
326,Young,41500,3,1314,0,1,0,1,1,0,0,1,1,0,0,0,0,0,1
327,Young,20900,0,296,0,1,0,1,0,1,1,0,0,1,0,1,0,0,0
328,Young,69700,2,584,1,0,0,1,1,0,1,0,0,0,1,1,0,0,0
329,Middle,61800,0,1156,0,1,0,1,0,1,1,0,0,0,1,0,0,0,1
330,Middle,102500,1,2464,0,1,1,0,1,0,1,0,0,0,1,0,0,0,1
331,Middle,48900,3,915,1,0,1,0,1,0,1,0,1,0,0,0,0,1,0
332,Middle,60300,0,2091,0,1,1,0,0,1,1,0,0,0,1,0,0,0,1
333,Young,41600,0,1690,0,1,0,1,1,0,0,1,0,1,0,0,0,0,1
334,Middle,73700,1,1274,0,1,1,0,0,1,1,0,0,1,0,0,1,0,0
335,Young,27000,1,1012,1,0,0,1,0,1,1,0,1,0,0,0,0,0,1
336,Middle,43700,0,950,1,0,0,1,0,1,1,0,0,0,1,0,1,0,0
337,Young,10200,2,333,0,1,0,1,0,1,1,0,0,0,1,0,1,0,0
338,Middle,63300,2,679,1,0,1,0,1,0,1,0,0,0,1,0,0,0,1
339,Young,33200,2,607,1,0,1,0,0,1,0,1,0,0,1,0,1,0,0
340,Old,78800,0,3398,1,0,1,0,1,0,0,1,1,0,0,0,0,1,0
341,Middle,82500,0,859,0,1,1,0,1,0,1,0,0,1,0,1,0,0,0
342,Middle,80800,2,2444,0,1,1,0,0,1,0,1,0,0,1,0,0,1,0
343,Middle,88100,2,1078,0,1,1,0,1,0,1,0,1,0,0,0,0,0,1
344,Middle,124800,3,2537,0,1,0,1,1,0,0,1,0,1,0,0,0,1,0
345,Young,31900,0,616,0,1,1,0,0,1,1,0,0,0,1,1,0,0,0
346,Middle,53300,3,508,1,0,1,0,0,1,1,0,1,0,0,1,0,0,0
347,Old,15400,0,297,0,1,1,0,1,0,0,1,0,0,1,1,0,0,0
348,Middle,70200,0,1583,0,1,1,0,1,0,1,0,1,0,0,1,0,0,0
349,Young,23000,3,79,1,0,0,1,0,1,1,0,1,0,0,1,0,0,0
350,Middle,82400,2,657,1,0,1,0,1,0,1,0,0,1,0,0,0,1,0
351,Middle,97900,0,2149,1,0,1,0,1,0,1,0,0,0,1,0,0,0,1
352,Old,88400,0,3632,1,0,0,1,1,0,0,1,0,1,0,0,0,1,0
353,Middle,86900,0,2230,1,0,1,0,1,0,1,0,1,0,0,0,0,1,0
354,Middle,45100,1,448,1,0,1,0,0,1,1,0,1,0,0,0,1,0,0
355,Middle,41800,3,301,0,1,0,1,0,1,1,0,0,0,1,0,0,0,1
356,Old,74800,0,1968,0,1,1,0,1,0,1,0,1,0,0,0,0,1,0
357,Middle,73000,1,490,1,0,0,1,1,0,1,0,0,0,1,1,0,0,0
358,Middle,118500,1,3063,0,1,1,0,1,0,1,0,0,1,0,0,0,0,1
359,Middle,65300,3,193,0,1,1,0,0,1,1,0,0,1,0,1,0,0,0
360,Middle,66300,2,544,1,0,0,1,1,0,1,0,1,0,0,0,1,0,0
361,Middle,103900,1,2666,0,1,1,0,1,0,0,1,1,0,0,0,0,0,1
362,Middle,71900,0,1846,1,0,1,0,1,0,1,0,1,0,0,0,0,1,0
363,Middle,86100,1,1255,0,1,1,0,1,0,0,1,1,0,0,0,1,0,0
364,Middle,96300,1,1081,0,1,1,0,1,0,1,0,0,1,0,0,1,0,0
365,Young,10200,3,199,1,0,0,1,0,1,1,0,1,0,0,1,0,0,0
366,Middle,96300,2,3916,0,1,1,0,1,0,1,0,0,0,1,0,0,1,0
367,Old,24000,1,357,1,0,1,0,0,1,0,1,1,0,0,1,0,0,0
368,Middle,46700,0,983,1,0,0,1,1,0,1,0,0,0,1,0,0,0,1
369,Middle,53700,2,1194,1,0,0,1,0,1,1,0,1,0,0,0,1,0,0
370,Middle,108300,2,2224,0,1,0,1,1,0,1,0,0,1,0,0,1,0,0
371,Young,12100,1,90,1,0,0,1,0,1,1,0,0,0,1,1,0,0,0
372,Young,36600,0,587,0,1,0,1,1,0,1,0,0,0,1,1,0,0,0
373,Old,66300,0,1088,0,1,1,0,1,0,1,0,1,0,0,0,1,0,0
374,Young,33400,1,617,1,0,1,0,0,1,1,0,1,0,0,1,0,0,0
375,Middle,70000,1,1227,0,1,1,0,1,0,0,1,0,1,0,1,0,0,0
376,Middle,47900,1,662,1,0,1,0,0,1,1,0,0,1,0,0,0,0,1
377,Middle,40500,2,622,1,0,0,1,1,0,1,0,1,0,0,0,0,1,0
378,Old,69100,0,1477,0,1,1,0,0,1,1,0,0,1,0,0,1,0,0
379,Young,13300,1,236,1,0,0,1,0,1,1,0,0,1,0,1,0,0,0
380,Middle,75800,1,1830,1,0,0,1,1,0,0,1,0,1,0,0,1,0,0
381,Middle,48600,0,1583,1,0,0,1,1,0,1,0,1,0,0,0,0,0,1
382,Old,39600,0,610,1,0,1,0,0,1,1,0,0,1,0,0,1,0,0
383,Young,11700,0,193,1,0,0,1,0,1,1,0,1,0,0,0,1,0,0
384,Young,52600,1,1052,0,1,0,1,1,0,1,0,0,1,0,0,1,0,0
385,Young,14600,3,0,0,1,0,1,0,1,1,0,0,1,0,1,0,0,0
386,Old,123000,0,3671,0,1,1,0,1,0,1,0,1,0,0,0,0,0,1
387,Old,64600,0,2206,1,0,0,1,1,0,0,1,1,0,0,0,0,1,0
388,Middle,34600,2,748,1,0,1,0,0,1,0,1,1,0,0,0,0,1,0
389,Middle,74500,0,1481,0,1,1,0,1,0,1,0,0,1,0,1,0,0,0
390,Old,56600,0,1607,0,1,1,0,1,0,1,0,1,0,0,0,0,0,1
391,Old,37000,1,632,1,0,0,1,0,1,1,0,0,0,1,1,0,0,0
392,Young,18400,1,303,1,0,0,1,0,1,0,1,0,0,1,1,0,0,0
393,Young,25000,0,264,0,1,0,1,0,1,1,0,0,0,1,1,0,0,0
394,Middle,61400,1,1575,0,1,1,0,1,0,0,1,1,0,0,0,0,0,1
395,Middle,76400,2,881,0,1,1,0,1,0,1,0,0,1,0,0,0,1,0
396,Young,55100,0,1439,0,1,1,0,1,0,1,0,0,1,0,0,0,1,0
397,Old,22800,0,452,1,0,1,0,1,0,0,1,0,0,1,0,1,0,0
398,Old,10100,1,93,1,0,1,0,1,0,1,0,0,0,1,1,0,0,0
399,Young,17800,0,292,0,1,0,1,0,1,1,0,0,1,0,0,0,1,0
400,Middle,59100,1,1426,1,0,1,0,1,0,1,0,1,0,0,1,0,0,0
401,Young,19700,2,330,1,0,0,1,0,1,0,1,0,1,0,1,0,0,0
402,Middle,73800,0,3120,0,1,1,0,1,0,0,1,0,1,0,0,0,0,1
403,Middle,113300,1,5151,0,1,1,0,1,0,0,1,0,0,1,0,0,1,0
404,Middle,118400,2,3941,0,1,1,0,1,0,0,1,1,0,0,0,1,0,0
405,Middle,92300,1,2141,0,1,1,0,1,0,1,0,0,0,1,0,0,0,1
406,Young,11200,0,106,0,1,0,1,0,1,1,0,1,0,0,1,0,0,0
407,Young,30100,0,530,1,0,0,1,1,0,0,1,1,0,0,0,1,0,0
408,Middle,43500,1,500,1,0,1,0,0,1,1,0,1,0,0,0,1,0,0
409,Middle,97500,0,2837,0,1,1,0,1,0,1,0,0,1,0,0,0,1,0
410,Old,54600,0,1246,0,1,1,0,1,0,1,0,0,1,0,0,0,0,1
411,Middle,42500,1,798,0,1,0,1,0,1,0,1,1,0,0,1,0,0,0
412,Middle,82800,0,1544,0,1,1,0,0,1,1,0,1,0,0,1,0,0,0
413,Old,62300,0,2644,0,1,1,0,1,0,0,1,0,0,1,0,0,0,1
414,Young,21900,2,192,0,1,0,1,0,1,0,1,1,0,0,1,0,0,0
415,Middle,35600,3,865,1,0,0,1,0,1,0,1,1,0,0,0,0,1,0
416,Middle,96900,0,1159,0,1,1,0,1,0,1,0,1,0,0,1,0,0,0
417,Young,36900,1,1480,1,0,0,1,1,0,1,0,0,0,1,0,0,1,0
418,Middle,93500,1,1426,1,0,0,1,1,0,1,0,0,1,0,0,0,1,0
419,Middle,97300,1,3048,0,1,1,0,1,0,1,0,0,1,0,0,1,0,0
420,Young,21900,0,276,0,1,0,1,0,1,1,0,1,0,0,0,1,0,0
421,Middle,63000,0,1910,0,1,0,1,0,1,1,0,0,0,1,0,0,0,1
422,Young,11500,3,157,1,0,0,1,0,1,1,0,1,0,0,1,0,0,0
423,Middle,44600,2,236,0,1,1,0,0,1,1,0,1,0,0,1,0,0,0
424,Young,21900,1,576,1,0,0,1,0,1,1,0,1,0,0,0,1,0,0
425,Middle,45100,1,794,0,1,0,1,0,1,0,1,0,0,1,0,1,0,0
426,Old,74900,0,1474,1,0,1,0,1,0,1,0,0,1,0,0,1,0,0
427,Young,14200,0,250,0,1,0,1,0,1,1,0,1,0,0,1,0,0,0
428,Young,23200,2,788,1,0,0,1,0,1,0,1,0,1,0,0,0,0,1
429,Old,73300,0,1694,0,1,1,0,1,0,1,0,1,0,0,0,1,0,0
430,Old,41300,0,1985,0,1,1,0,1,0,0,1,0,1,0,0,0,0,1
431,Old,32700,0,1252,1,0,1,0,0,1,0,1,1,0,0,0,0,0,1
432,Old,35200,0,827,1,0,1,0,0,1,1,0,1,0,0,0,1,0,0
433,Young,13100,0,314,1,0,0,1,0,1,1,0,1,0,0,0,0,1,0
434,Middle,97400,1,880,0,1,1,0,1,0,1,0,0,1,0,1,0,0,0
435,Young,23100,2,466,1,0,0,1,0,1,0,1,1,0,0,1,0,0,0
436,Middle,49200,3,210,0,1,1,0,0,1,1,0,0,0,1,0,1,0,0
437,Middle,45000,1,902,0,1,1,0,0,1,0,1,1,0,0,0,0,1,0
438,Middle,87200,0,1274,0,1,1,0,1,0,1,0,1,0,0,0,0,1,0
439,Middle,49900,1,1631,0,1,1,0,0,1,1,0,0,1,0,0,0,0,1
440,Middle,66900,0,1220,0,1,1,0,1,0,1,0,0,1,0,0,1,0,0
441,Middle,47600,1,801,1,0,1,0,0,1,1,0,0,0,1,0,1,0,0
442,Middle,47900,0,1090,1,0,1,0,0,1,1,0,0,1,0,0,1,0,0
443,Middle,59400,0,1699,0,1,1,0,0,1,1,0,0,1,0,0,0,1,0
444,Middle,32700,2,273,1,0,0,1,0,1,1,0,0,1,0,1,0,0,0
445,Middle,34200,1,523,0,1,0,1,0,1,1,0,1,0,0,0,0,1,0
446,Middle,96600,0,1437,0,1,1,0,1,0,1,0,1,0,0,0,1,0,0
447,Middle,126300,1,1888,1,0,1,0,1,0,1,0,0,1,0,1,0,0,0
448,Young,31600,1,476,0,1,0,1,0,1,1,0,1,0,0,0,1,0,0
449,Middle,108100,3,2632,1,0,1,0,1,0,0,1,0,1,0,0,0,1,0
450,Middle,43300,3,326,1,0,0,1,0,1,1,0,0,1,0,0,0,0,1
451,Old,17900,0,446,1,0,0,1,0,1,0,1,0,0,1,1,0,0,0
452,Middle,50100,1,1071,0,1,1,0,0,1,0,1,0,1,0,0,0,1,0
453,Old,74700,0,1699,1,0,1,0,1,0,1,0,0,1,0,0,1,0,0
454,Old,60000,0,966,0,1,0,1,1,0,1,0,0,0,1,1,0,0,0
455,Young,33400,0,567,0,1,1,0,0,1,1,0,0,1,0,0,1,0,0
456,Middle,68800,0,1658,1,0,0,1,1,0,1,0,1,0,0,1,0,0,0
457,Middle,25700,2,173,1,0,0,1,0,1,1,0,1,0,0,1,0,0,0
458,Middle,83700,0,3344,0,1,1,0,1,0,1,0,0,1,0,0,0,0,1
459,Middle,50500,0,1029,0,1,0,1,0,1,1,0,0,0,1,0,1,0,0
460,Young,17300,0,345,1,0,0,1,0,1,1,0,0,0,1,0,1,0,0
461,Middle,45800,0,712,0,1,1,0,0,1,1,0,0,0,1,1,0,0,0
462,Old,108900,0,1841,0,1,1,0,1,0,1,0,0,0,1,0,1,0,0
463,Middle,60500,2,409,1,0,0,1,1,0,1,0,0,1,0,1,0,0,0
464,Old,84100,0,2710,1,0,1,0,1,0,0,1,0,1,0,0,0,1,0
465,Young,25100,0,592,0,1,0,1,1,0,0,1,0,1,0,0,1,0,0
466,Middle,69900,1,2101,0,1,1,0,1,0,1,0,0,1,0,0,0,1,0
467,Middle,97100,0,1473,0,1,1,0,1,0,1,0,0,1,0,0,1,0,0
468,Middle,72200,2,715,1,0,1,0,1,0,1,0,0,0,1,0,0,1,0
469,Old,78900,0,2233,1,0,1,0,1,0,0,1,1,0,0,0,0,1,0
470,Middle,62500,3,921,1,0,1,0,0,1,0,1,1,0,0,1,0,0,0
471,Young,17800,1,216,1,0,0,1,0,1,1,0,1,0,0,1,0,0,0
472,Middle,105500,1,1781,1,0,1,0,1,0,1,0,1,0,0,1,0,0,0
473,Middle,46100,2,418,1,0,1,0,0,1,1,0,0,1,0,0,1,0,0
474,Young,27100,1,268,0,1,0,1,0,1,1,0,0,0,1,0,1,0,0
475,Young,60300,1,1252,0,1,0,1,1,0,0,1,0,1,0,1,0,0,0
476,Young,12000,0,140,1,0,0,1,0,1,1,0,1,0,0,1,0,0,0
477,Middle,48400,0,992,1,0,1,0,0,1,1,0,0,1,0,0,1,0,0
478,Middle,45600,0,1388,0,1,0,1,0,1,1,0,0,0,1,0,0,1,0
479,Middle,35200,2,233,1,0,1,0,0,1,1,0,0,0,1,1,0,0,0
480,Middle,60200,0,2304,0,1,0,1,0,1,0,1,1,0,0,0,0,0,1
481,Middle,53900,1,2177,1,0,0,1,1,0,0,1,0,0,1,0,0,1,0
482,Middle,70400,2,1127,0,1,1,0,1,0,1,0,0,0,1,0,1,0,0
483,Young,36900,0,721,0,1,0,1,1,0,1,0,1,0,0,0,0,1,0
484,Old,36100,0,438,1,0,1,0,0,1,1,0,0,1,0,0,1,0,0
485,Young,11000,2,393,1,0,0,1,0,1,1,0,1,0,0,0,0,1,0
486,Middle,61600,0,1666,0,1,1,0,0,1,1,0,1,0,0,0,0,1,0
487,Middle,88700,1,2448,0,1,1,0,1,0,1,0,0,1,0,0,0,1,0
488,Middle,88600,1,2563,1,0,1,0,1,0,0,1,0,1,0,0,0,1,0
489,Middle,79500,0,1763,0,1,0,1,1,0,1,0,1,0,0,0,0,1,0
490,Young,18900,1,184,1,0,0,1,0,1,1,0,1,0,0,1,0,0,0
491,Old,17300,0,166,1,0,1,0,0,1,1,0,0,0,1,1,0,0,0
492,Middle,81400,2,1014,1,0,0,1,1,0,1,0,0,0,1,1,0,0,0
493,Young,36500,0,1140,0,1,0,1,1,0,1,0,0,1,0,0,0,0,1
494,Middle,43300,1,1021,1,0,1,0,0,1,1,0,0,0,1,0,0,1,0
495,Middle,76700,1,1431,0,1,1,0,1,0,1,0,1,0,0,0,0,0,1
496,Middle,123000,1,5878,0,1,1,0,1,0,0,1,0,1,0,0,0,0,1
497,Middle,56300,3,321,0,1,1,0,0,1,1,0,0,1,0,1,0,0,0
498,Middle,70000,0,1974,0,1,1,0,1,0,1,0,0,0,1,0,0,0,1
499,Middle,48100,0,1640,0,1,1,0,0,1,1,0,0,0,1,0,0,1,0
500,Young,79400,0,1175,1,0,0,1,1,0,1,0,0,1,0,1,0,0,0
501,Middle,63700,3,364,1,0,1,0,1,0,1,0,0,0,1,0,1,0,0
502,Young,21200,0,417,0,1,0,1,0,1,1,0,0,1,0,0,1,0,0
503,Middle,53900,0,1060,0,1,0,1,0,1,1,0,0,1,0,0,1,0,0
504,Old,118800,0,2176,1,0,1,0,1,0,1,0,1,0,0,0,0,1,0
505,Middle,79400,3,200,1,0,1,0,1,0,1,0,0,0,1,1,0,0,0
506,Old,20400,0,513,1,0,0,1,0,1,0,1,1,0,0,0,0,0,1
507,Middle,52400,0,857,0,1,0,1,0,1,1,0,0,0,1,0,0,1,0
508,Old,17600,0,224,1,0,1,0,0,1,1,0,1,0,0,1,0,0,0
509,Young,23500,0,371,0,1,0,1,0,1,1,0,0,0,1,0,1,0,0
510,Young,56900,2,687,0,1,0,1,1,0,1,0,1,0,0,0,1,0,0
511,Middle,95100,2,809,0,1,1,0,1,0,1,0,1,0,0,0,1,0,0
512,Middle,119800,2,2090,0,1,1,0,1,0,1,0,0,0,1,0,0,0,1
513,Old,58700,0,1479,0,1,1,0,0,1,1,0,0,1,0,0,0,0,1
514,Middle,76700,2,534,1,0,1,0,1,0,1,0,0,1,0,1,0,0,0
515,Middle,67600,1,1172,0,1,1,0,1,0,1,0,1,0,0,0,0,1,0
516,Middle,61500,2,968,0,1,1,0,0,1,1,0,1,0,0,0,0,0,1
517,Old,72900,0,753,1,0,1,0,1,0,1,0,0,1,0,1,0,0,0
518,Old,21200,0,242,1,0,0,1,0,1,1,0,1,0,0,1,0,0,0
519,Old,32400,1,515,0,1,0,1,0,1,1,0,0,0,1,0,1,0,0
520,Middle,62200,3,2119,1,0,1,0,1,0,1,0,1,0,0,0,0,0,1
521,Old,24400,0,491,1,0,1,0,0,1,1,0,0,1,0,1,0,0,0
522,Middle,66500,3,286,0,1,1,0,1,0,1,0,0,1,0,0,1,0,0
523,Old,72200,0,3069,1,0,0,1,1,0,0,1,0,1,0,0,0,0,1
524,Young,16900,2,281,1,0,0,1,0,1,1,0,0,1,0,1,0,0,0
525,Young,56300,0,1608,0,1,0,1,1,0,1,0,0,0,1,0,0,0,1
526,Old,22000,0,736,1,0,1,0,0,1,0,1,0,0,1,0,1,0,0
527,Young,18800,2,170,1,0,0,1,0,1,1,0,0,1,0,0,0,1,0
528,Young,26600,2,245,1,0,0,1,0,1,1,0,0,0,1,0,0,0,1
529,Middle,72100,0,3052,1,0,0,1,1,0,1,0,0,1,0,0,0,0,1
530,Middle,55600,0,1786,0,1,1,0,0,1,0,1,0,0,1,0,0,1,0
531,Young,14600,3,0,1,0,0,1,0,1,1,0,0,0,1,1,0,0,0
532,Old,45900,0,1645,0,1,1,0,1,0,1,0,0,1,0,0,0,0,1
533,Young,15100,0,274,1,0,1,0,0,1,1,0,0,0,1,1,0,0,0
534,Middle,140700,3,1001,0,1,1,0,1,0,1,0,0,1,0,0,1,0,0
535,Middle,90300,0,1944,0,1,1,0,1,0,1,0,1,0,0,0,0,0,1
536,Old,95900,0,2585,0,1,1,0,1,0,1,0,1,0,0,0,0,0,1
537,Young,20800,0,260,0,1,0,1,0,1,0,1,1,0,0,1,0,0,0
538,Middle,98400,0,1414,0,1,1,0,1,0,1,0,1,0,0,0,1,0,0
539,Young,15000,2,341,1,0,0,1,0,1,1,0,0,0,1,0,1,0,0
540,Young,17700,1,268,0,1,0,1,0,1,1,0,0,1,0,0,1,0,0
541,Middle,102400,1,1237,0,1,1,0,1,0,1,0,0,1,0,0,0,1,0
542,Young,17800,1,589,0,1,0,1,0,1,0,1,0,1,0,0,0,1,0
543,Young,13800,1,368,0,1,0,1,0,1,0,1,1,0,0,0,1,0,0
544,Middle,50500,1,940,1,0,0,1,0,1,1,0,0,1,0,0,1,0,0
545,Middle,42000,3,232,1,0,0,1,0,1,1,0,0,0,1,0,0,1,0
546,Middle,95800,3,678,0,1,1,0,1,0,1,0,0,1,0,0,1,0,0
547,Young,15200,0,324,0,1,0,1,0,1,1,0,0,0,1,0,1,0,0
548,Young,15800,2,147,0,1,0,1,0,1,1,0,0,0,1,0,1,0,0
549,Old,51400,0,694,0,1,1,0,0,1,1,0,0,1,0,1,0,0,0
550,Old,38200,0,526,1,0,0,1,1,0,1,0,0,0,1,1,0,0,0
551,Middle,39900,1,586,1,0,0,1,0,1,1,0,0,0,1,0,1,0,0
552,Young,21600,2,491,1,0,1,0,0,1,1,0,0,0,1,0,1,0,0
553,Old,65900,0,1436,1,0,1,0,1,0,1,0,1,0,0,0,0,0,1
554,Middle,97500,1,1280,1,0,1,0,1,0,1,0,0,0,1,0,1,0,0
555,Middle,63000,0,2107,0,1,0,1,1,0,0,1,0,1,0,0,0,1,0
556,Young,31900,0,860,1,0,1,0,0,1,0,1,0,0,1,0,1,0,0
557,Middle,45500,1,1624,1,0,0,1,0,1,0,1,0,1,0,0,0,1,0
558,Old,12800,0,230,1,0,1,0,0,1,1,0,0,1,0,0,1,0,0
559,Old,12600,2,164,1,0,1,0,1,0,0,1,0,0,1,0,1,0,0
560,Middle,50700,3,157,0,1,0,1,0,1,1,0,1,0,0,1,0,0,0
561,Young,17900,3,62,1,0,0,1,0,1,1,0,0,0,1,1,0,0,0
562,Young,14400,1,223,1,0,0,1,0,1,1,0,1,0,0,0,0,1,0
563,Old,23800,0,438,1,0,1,0,0,1,1,0,0,1,0,1,0,0,0
564,Middle,84700,3,2705,0,1,1,0,1,0,1,0,0,1,0,0,0,0,1
565,Middle,36900,1,371,1,0,0,1,0,1,1,0,1,0,0,1,0,0,0
566,Old,20600,0,201,1,0,1,0,0,1,1,0,0,0,1,1,0,0,0
567,Young,41500,0,1213,0,1,0,1,1,0,1,0,0,0,1,0,0,0,1
568,Middle,83100,2,586,0,1,1,0,1,0,1,0,0,1,0,1,0,0,0
569,Middle,88700,2,2693,0,1,1,0,1,0,0,1,1,0,0,0,0,0,1
570,Old,54700,0,1404,1,0,1,0,1,0,1,0,0,1,0,0,0,0,1
571,Middle,68900,2,2784,0,1,1,0,0,1,1,0,1,0,0,0,0,1,0
572,Young,22200,2,275,1,0,0,1,0,1,1,0,0,0,1,0,0,1,0
573,Middle,70900,1,794,1,0,1,0,1,0,1,0,1,0,0,0,1,0,0
574,Middle,55900,0,964,0,1,1,0,0,1,1,0,0,1,0,0,1,0,0
575,Middle,80800,1,1598,1,0,1,0,1,0,1,0,0,1,0,0,0,1,0
576,Middle,100600,3,2838,0,1,1,0,1,0,0,1,0,0,1,0,0,0,1
577,Old,39900,0,619,1,0,1,0,0,1,1,0,1,0,0,1,0,0,0
578,Young,71200,3,392,1,0,0,1,1,0,1,0,0,1,0,0,1,0,0
579,Old,61000,0,1850,1,0,1,0,1,0,1,0,1,0,0,0,0,1,0
580,Old,38700,0,1506,0,1,1,0,0,1,1,0,1,0,0,0,0,0,1
581,Middle,98900,0,3126,0,1,1,0,1,0,0,1,0,0,1,0,0,1,0
582,Middle,64300,0,1325,0,1,1,0,0,1,1,0,0,0,1,1,0,0,0
583,Middle,75600,0,1541,1,0,1,0,1,0,1,0,0,0,1,0,1,0,0
584,Young,53700,0,2491,1,0,0,1,1,0,0,1,0,0,1,0,0,0,1
585,Middle,66600,0,1177,0,1,1,0,0,1,1,0,0,0,1,0,0,1,0
586,Old,89000,0,1487,1,0,1,0,1,0,1,0,1,0,0,0,1,0,0
587,Young,18200,2,322,1,0,0,1,0,1,0,1,0,1,0,0,1,0,0
588,Young,73600,1,647,1,0,0,1,1,0,1,0,0,1,0,1,0,0,0
589,Middle,45600,0,1322,1,0,0,1,0,1,0,1,1,0,0,0,1,0,0
590,Young,73000,0,1534,0,1,1,0,1,0,1,0,0,0,1,1,0,0,0
591,Young,29600,3,583,0,1,1,0,0,1,1,0,0,1,0,0,1,0,0
592,Middle,92900,1,1705,0,1,0,1,1,0,1,0,0,0,1,1,0,0,0
593,Old,13900,0,191,1,0,0,1,0,1,0,1,0,1,0,1,0,0,0
594,Young,64300,3,239,0,1,0,1,1,0,1,0,1,0,0,1,0,0,0
595,Middle,77100,2,568,0,1,1,0,1,0,1,0,0,1,0,1,0,0,0
596,Young,27500,3,571,1,0,1,0,0,1,1,0,0,0,1,0,1,0,0
597,Old,81800,0,919,0,1,0,1,1,0,1,0,0,0,1,1,0,0,0
598,Old,41700,0,1398,1,0,0,1,1,0,1,0,0,1,0,0,0,1,0
599,Old,51000,0,1025,1,0,1,0,1,0,1,0,1,0,0,0,1,0,0
600,Middle,55900,1,909,0,1,0,1,0,1,1,0,1,0,0,0,1,0,0
601,Young,19800,2,209,0,1,0,1,0,1,1,0,0,0,1,0,1,0,0
602,Young,17600,0,245,0,1,0,1,0,1,1,0,0,0,1,1,0,0,0
603,Middle,84100,1,2362,0,1,0,1,1,0,0,1,0,0,1,0,0,0,1
604,Middle,85600,0,3380,0,1,1,0,1,0,1,0,0,1,0,0,0,0,1
605,Young,13400,0,424,0,1,0,1,0,1,1,0,0,1,0,0,0,1,0
606,Young,47200,1,1272,1,0,0,1,1,0,0,1,0,0,1,0,1,0,0
607,Middle,96300,1,1909,0,1,1,0,1,0,1,0,0,0,1,0,0,0,1
608,Middle,60500,3,340,0,1,1,0,1,0,1,0,0,0,1,0,1,0,0
609,Middle,35800,1,1355,1,0,1,0,0,1,1,0,1,0,0,0,0,0,1
610,Middle,106100,3,472,0,1,0,1,1,0,1,0,0,0,1,0,1,0,0
611,Young,18000,0,303,0,1,0,1,0,1,1,0,0,0,1,0,1,0,0
612,Middle,50000,1,1079,0,1,0,1,0,1,0,1,1,0,0,1,0,0,0
613,Old,58200,0,981,1,0,1,0,0,1,1,0,1,0,0,0,0,1,0
614,Young,13500,2,160,1,0,0,1,0,1,0,1,0,0,1,0,1,0,0
615,Middle,59900,1,613,1,0,1,0,1,0,1,0,1,0,0,1,0,0,0
616,Young,18400,1,662,1,0,0,1,0,1,0,1,0,0,1,0,1,0,0
617,Middle,62800,3,177,0,1,0,1,1,0,1,0,0,0,1,1,0,0,0
618,Middle,70000,0,785,0,1,0,1,0,1,1,0,0,1,0,1,0,0,0
619,Young,13600,1,349,1,0,0,1,0,1,0,1,0,1,0,0,0,1,0
620,Middle,97400,3,213,1,0,0,1,1,0,1,0,0,1,0,1,0,0,0
621,Old,37500,0,1578,1,0,1,0,1,0,0,1,1,0,0,0,0,1,0
622,Old,22800,0,258,1,0,1,0,0,1,1,0,1,0,0,1,0,0,0
623,Young,14200,0,192,1,0,0,1,0,1,1,0,0,0,1,1,0,0,0
624,Young,18700,0,289,0,1,0,1,0,1,1,0,0,1,0,0,1,0,0
625,Middle,107400,1,1821,0,1,1,0,1,0,1,0,0,0,1,0,0,0,1
626,Young,28900,0,905,1,0,0,1,0,1,0,1,0,0,1,0,0,0,1
627,Middle,38400,2,188,0,1,0,1,1,0,1,0,0,0,1,1,0,0,0
628,Middle,54200,0,1405,0,1,0,1,0,1,1,0,0,0,1,0,0,1,0
629,Old,102700,0,2381,0,1,1,0,1,0,1,0,0,1,0,0,0,1,0
630,Young,13300,1,184,1,0,0,1,0,1,1,0,1,0,0,1,0,0,0
631,Middle,60200,3,1364,0,1,1,0,0,1,1,0,0,0,1,0,1,0,0
632,Young,21400,0,414,0,1,0,1,0,1,1,0,0,0,1,0,1,0,0
633,Young,21700,2,387,1,0,0,1,0,1,1,0,0,1,0,1,0,0,0
634,Young,23200,1,504,0,1,0,1,0,1,1,0,0,0,1,0,0,0,1
635,Middle,64800,2,574,0,1,1,0,1,0,1,0,0,0,1,0,1,0,0
636,Middle,55600,0,984,0,1,0,1,0,1,1,0,0,0,1,1,0,0,0
637,Middle,89500,0,5209,0,1,1,0,1,0,0,1,0,0,1,0,0,0,1
638,Young,12500,1,422,1,0,0,1,0,1,0,1,0,0,1,0,1,0,0
639,Middle,87000,0,1594,0,1,1,0,1,0,1,0,1,0,0,0,0,0,1
640,Middle,31200,3,1087,1,0,0,1,0,1,0,1,1,0,0,0,0,0,1
641,Young,13700,1,163,1,0,0,1,0,1,1,0,0,1,0,1,0,0,0
642,Middle,55500,3,427,0,1,1,0,0,1,1,0,0,1,0,0,0,1,0
643,Middle,58600,1,624,1,0,0,1,0,1,1,0,0,1,0,1,0,0,0
644,Young,55900,1,788,1,0,1,0,1,0,0,1,1,0,0,1,0,0,0
645,Young,13700,2,414,1,0,0,1,0,1,0,1,1,0,0,0,0,0,1
646,Old,81400,0,3001,1,0,1,0,1,0,0,1,0,1,0,0,0,0,1
647,Old,90500,0,863,1,0,1,0,1,0,1,0,0,0,1,1,0,0,0
648,Middle,82200,1,1517,1,0,1,0,1,0,1,0,0,1,0,0,1,0,0
649,Middle,65400,3,836,0,1,1,0,1,0,0,1,0,1,0,1,0,0,0
650,Middle,74400,0,1152,0,1,1,0,0,1,1,0,0,1,0,0,1,0,0
651,Young,63300,3,1408,0,1,0,1,1,0,0,1,1,0,0,1,0,0,0
652,Young,51600,0,1082,0,1,0,1,1,0,0,1,0,1,0,0,1,0,0
653,Young,55000,0,1162,0,1,0,1,1,0,0,1,0,1,0,0,1,0,0
654,Middle,43900,2,358,1,0,1,0,0,1,1,0,0,1,0,1,0,0,0
655,Young,20300,1,304,1,0,1,0,0,1,1,0,0,0,1,0,1,0,0
656,Young,16300,0,360,1,0,1,0,0,1,0,1,1,0,0,0,1,0,0
657,Middle,97600,2,1162,0,1,1,0,1,0,1,0,0,1,0,0,1,0,0
658,Old,15100,0,348,1,0,0,1,0,1,0,1,0,0,1,1,0,0,0
659,Young,12500,3,206,1,0,0,1,0,1,1,0,0,1,0,0,1,0,0
660,Young,10600,2,114,1,0,0,1,0,1,1,0,0,0,1,0,1,0,0
661,Middle,41300,1,932,1,0,1,0,0,1,1,0,1,0,0,0,0,1,0
662,Young,27200,2,446,1,0,1,0,0,1,1,0,0,0,1,0,0,1,0
663,Middle,102400,1,2466,0,1,1,0,1,0,1,0,0,1,0,0,1,0,0
664,Young,27900,1,576,1,0,1,0,0,1,0,1,0,0,1,0,1,0,0
665,Old,23800,0,428,0,1,0,1,1,0,0,1,0,1,0,0,1,0,0
666,Middle,100000,1,2247,0,1,1,0,1,0,1,0,0,1,0,0,0,0,1
667,Middle,43300,3,716,1,0,0,1,1,0,0,1,1,0,0,0,0,0,1
668,Middle,65800,1,1017,0,1,1,0,1,0,1,0,0,1,0,0,1,0,0
669,Middle,49700,2,613,1,0,1,0,1,0,1,0,0,0,1,0,0,1,0
670,Middle,82300,2,580,1,0,0,1,1,0,1,0,0,1,0,0,1,0,0
671,Middle,41200,0,841,0,1,0,1,0,1,1,0,1,0,0,0,1,0,0
672,Young,29200,0,737,0,1,0,1,0,1,1,0,1,0,0,0,0,1,0
673,Middle,51900,2,1162,1,0,1,0,0,1,1,0,0,0,1,0,1,0,0
674,Middle,85500,2,895,1,0,1,0,1,0,1,0,1,0,0,0,0,1,0
675,Young,12400,3,205,1,0,0,1,0,1,0,1,0,1,0,0,0,1,0
676,Middle,111900,1,2340,1,0,1,0,1,0,1,0,0,1,0,0,1,0,0
677,Middle,40400,1,630,1,0,0,1,0,1,1,0,1,0,0,0,0,0,1
678,Young,10900,0,407,0,1,0,1,0,1,0,1,0,0,1,0,0,0,1
679,Middle,82400,3,2122,0,1,1,0,1,0,1,0,0,1,0,0,0,1,0
680,Young,13200,1,227,1,0,0,1,0,1,1,0,0,0,1,0,1,0,0
681,Middle,57800,0,1149,0,1,0,1,0,1,1,0,0,0,1,0,0,0,1
682,Old,52200,1,669,1,0,1,0,1,0,1,0,1,0,0,0,1,0,0
683,Middle,64600,2,2935,0,1,0,1,1,0,0,1,1,0,0,0,0,0,1
684,Middle,43100,0,1444,1,0,1,0,0,1,1,0,1,0,0,0,0,0,1
685,Old,40100,0,1384,1,0,1,0,1,0,0,1,1,0,0,0,1,0,0
686,Old,84500,0,1557,0,1,1,0,1,0,1,0,1,0,0,0,1,0,0
687,Old,34500,0,802,0,1,0,1,1,0,1,0,0,0,1,0,1,0,0
688,Young,61000,1,1611,1,0,0,1,1,0,1,0,0,1,0,0,0,1,0
689,Old,79300,0,2047,1,0,1,0,1,0,0,1,1,0,0,0,1,0,0
690,Middle,44500,0,1175,0,1,0,1,0,1,1,0,0,1,0,0,0,0,1
691,Young,39700,0,1011,0,1,0,1,1,0,1,0,0,1,0,0,0,1,0
692,Old,30300,0,1062,1,0,1,0,0,1,1,0,0,0,1,0,0,1,0
693,Young,20100,1,271,1,0,0,1,0,1,1,0,1,0,0,0,1,0,0
694,Old,86500,0,2690,0,1,1,0,1,0,0,1,0,0,1,0,0,0,1
695,Old,42500,0,918,1,0,0,1,0,1,1,0,1,0,0,0,0,0,1
696,Middle,102300,0,2438,0,1,1,0,1,0,1,0,0,0,1,0,0,0,1
697,Middle,52600,2,1307,1,0,1,0,0,1,0,1,0,0,1,0,1,0,0
698,Middle,37800,2,1185,1,0,0,1,0,1,0,1,0,0,1,0,1,0,0
699,Young,20300,2,180,1,0,0,1,0,1,1,0,0,0,1,0,1,0,0
700,Middle,71600,1,1198,0,1,1,0,1,0,1,0,0,0,1,0,1,0,0
701,Young,54500,1,1001,0,1,0,1,1,0,1,0,1,0,0,0,0,1,0
702,Middle,54700,0,1355,0,1,0,1,0,1,1,0,0,1,0,0,0,0,1
703,Middle,58600,2,989,0,1,0,1,0,1,0,1,0,0,1,1,0,0,0
704,Middle,53800,0,1803,0,1,0,1,0,1,0,1,0,0,1,0,1,0,0
705,Middle,131500,3,2840,1,0,1,0,1,0,1,0,1,0,0,1,0,0,0
706,Middle,52200,0,1909,0,1,0,1,0,1,0,1,0,1,0,0,0,0,1
707,Young,37200,1,247,0,1,0,1,1,0,1,0,0,0,1,1,0,0,0
708,Young,22900,1,814,0,1,0,1,0,1,0,1,1,0,0,0,1,0,0
709,Young,55500,3,216,0,1,0,1,1,0,1,0,1,0,0,0,1,0,0
710,Young,12800,1,365,1,0,0,1,0,1,0,1,0,1,0,0,0,0,1
711,Young,17600,2,163,1,0,0,1,0,1,1,0,0,1,0,0,0,1,0
712,Old,28300,0,933,1,0,1,0,0,1,0,1,0,0,1,0,0,0,1
713,Old,41900,0,654,0,1,1,0,0,1,1,0,0,1,0,1,0,0,0
714,Young,14100,3,153,1,0,0,1,0,1,1,0,0,0,1,1,0,0,0
715,Middle,52100,0,1668,0,1,0,1,0,1,1,0,0,0,1,0,1,0,0
716,Middle,38700,1,1009,0,1,0,1,0,1,0,1,1,0,0,0,0,1,0
717,Middle,44100,1,1659,1,0,0,1,0,1,0,1,0,0,1,0,0,1,0
718,Middle,79200,1,1905,0,1,1,0,1,0,0,1,1,0,0,1,0,0,0
719,Young,22600,3,521,1,0,0,1,0,1,1,0,0,1,0,1,0,0,0
720,Middle,55100,2,826,0,1,0,1,0,1,1,0,0,1,0,1,0,0,0
721,Old,70400,0,2610,1,0,1,0,1,0,0,1,0,1,0,0,0,1,0
722,Middle,107300,2,1194,0,1,1,0,1,0,1,0,1,0,0,0,0,0,1
723,Middle,66500,1,1181,1,0,0,1,1,0,1,0,0,1,0,0,0,0,1
724,Young,10200,0,362,0,1,0,1,0,1,1,0,1,0,0,0,0,0,1
725,Young,41000,1,768,1,0,1,0,0,1,0,1,0,1,0,0,1,0,0
726,Middle,26200,1,381,1,0,0,1,0,1,1,0,0,0,1,0,1,0,0
727,Middle,72200,3,1811,0,1,0,1,1,0,0,1,0,1,0,0,0,1,0
728,Middle,36700,1,1218,0,1,0,1,0,1,0,1,1,0,0,0,0,0,1
729,Old,74500,0,1413,0,1,1,0,1,0,0,1,0,1,0,0,0,1,0
730,Middle,60200,1,1748,1,0,1,0,0,1,1,0,1,0,0,0,1,0,0
731,Old,34500,0,639,0,1,0,1,0,1,1,0,0,0,1,0,0,0,1
732,Old,83700,0,1582,1,0,1,0,1,0,1,0,0,1,0,0,0,1,0
733,Young,14800,1,376,0,1,0,1,0,1,0,1,0,0,1,0,1,0,0
734,Middle,106400,0,1757,0,1,1,0,1,0,1,0,0,1,0,0,1,0,0
735,Young,42000,3,105,1,0,0,1,1,0,1,0,0,0,1,1,0,0,0
736,Middle,118800,0,2631,0,1,0,1,1,0,1,0,1,0,0,0,1,0,0
737,Young,21900,2,486,1,0,1,0,0,1,0,1,0,0,1,0,0,0,1
738,Middle,39500,1,412,0,1,0,1,0,1,1,0,0,0,1,1,0,0,0
739,Middle,45900,0,716,0,1,0,1,0,1,1,0,1,0,0,0,1,0,0
740,Young,37100,2,653,1,0,0,1,1,0,1,0,0,0,1,0,0,0,1
741,Middle,28200,1,224,1,0,0,1,0,1,1,0,0,1,0,1,0,0,0
742,Middle,74600,2,705,0,1,0,1,1,0,1,0,0,0,1,0,0,1,0
743,Middle,122700,1,4984,0,1,1,0,1,0,1,0,1,0,0,0,0,1,0
744,Young,14200,2,197,1,0,0,1,0,1,1,0,0,0,1,0,0,1,0
745,Middle,75500,0,2450,0,1,1,0,1,0,0,1,0,1,0,0,0,1,0
746,Middle,62900,0,2561,0,1,1,0,0,1,1,0,1,0,0,0,0,0,1
747,Young,19400,0,563,0,1,0,1,0,1,0,1,0,0,1,1,0,0,0
748,Middle,46600,0,546,1,0,0,1,0,1,1,0,0,1,0,0,1,0,0
749,Middle,79700,1,3384,0,1,1,0,1,0,0,1,1,0,0,0,0,0,1
750,Middle,45900,2,416,0,1,1,0,0,1,1,0,0,0,1,0,1,0,0
751,Old,42800,0,685,1,0,1,0,1,0,1,0,1,0,0,1,0,0,0
752,Old,65500,0,1931,0,1,1,0,1,0,0,1,0,0,1,0,0,0,1
753,Old,33600,0,573,1,0,0,1,0,1,1,0,0,0,1,0,1,0,0
754,Middle,55600,1,1553,1,0,1,0,0,1,0,1,0,0,1,0,0,1,0
755,Young,24000,2,362,1,0,0,1,0,1,1,0,0,0,1,1,0,0,0
756,Young,25700,0,907,0,1,0,1,0,1,0,1,0,0,1,0,0,1,0
757,Old,21500,0,445,1,0,1,0,1,0,1,0,0,1,0,0,0,1,0
758,Old,68600,0,1342,1,0,0,1,1,0,1,0,0,1,0,0,0,1,0
759,Young,23100,2,457,1,0,0,1,0,1,0,1,0,0,1,0,1,0,0
760,Middle,53300,0,1598,1,0,0,1,1,0,1,0,0,1,0,0,0,0,1
761,Old,112800,0,1861,1,0,1,0,1,0,1,0,1,0,0,0,1,0,0
762,Old,124900,0,4109,0,1,1,0,1,0,1,0,0,0,1,0,0,1,0
763,Middle,72200,0,3278,1,0,1,0,0,1,1,0,0,1,0,0,0,1,0
764,Middle,35100,1,421,0,1,0,1,0,1,1,0,1,0,0,1,0,0,0
765,Old,14900,0,275,1,0,0,1,0,1,1,0,0,0,1,0,1,0,0
766,Middle,72000,0,1475,0,1,0,1,0,1,1,0,1,0,0,0,1,0,0
767,Middle,82400,0,1779,0,1,1,0,1,0,1,0,1,0,0,0,0,1,0
768,Young,41600,3,1634,0,1,0,1,1,0,1,0,0,0,1,0,0,0,1
769,Middle,68500,2,1500,1,0,1,0,1,0,1,0,1,0,0,0,1,0,0
770,Young,62200,0,1348,0,1,1,0,1,0,1,0,0,0,1,0,0,0,1
771,Old,35900,0,962,1,0,1,0,0,1,1,0,0,0,1,0,1,0,0
772,Young,14100,0,328,0,1,0,1,0,1,1,0,1,0,0,0,1,0,0
773,Young,36500,1,747,1,0,0,1,1,0,1,0,0,1,0,0,0,1,0
774,Middle,86400,1,1713,1,0,1,0,1,0,1,0,1,0,0,0,1,0,0
775,Old,39500,0,1006,1,0,0,1,1,0,1,0,1,0,0,0,1,0,0
776,Old,85300,0,2523,0,1,1,0,1,0,1,0,0,0,1,0,1,0,0
777,Old,110700,0,2458,1,0,1,0,1,0,1,0,1,0,0,0,1,0,0
778,Young,17700,0,742,0,1,0,1,0,1,0,1,0,1,0,0,0,1,0
779,Young,33200,1,1639,1,0,0,1,1,0,0,1,0,1,0,0,0,0,1
780,Middle,53800,0,843,1,0,1,0,0,1,1,0,0,0,1,0,1,0,0
781,Old,44400,0,886,0,1,0,1,0,1,1,0,1,0,0,0,0,1,0
782,Middle,135700,1,2746,1,0,0,1,1,0,1,0,1,0,0,0,0,0,1
783,Young,20700,1,550,1,0,0,1,0,1,0,1,0,0,1,0,1,0,0
784,Middle,83500,2,2098,0,1,0,1,1,0,0,1,1,0,0,0,0,0,1
785,Middle,84200,2,954,1,0,0,1,1,0,1,0,0,0,1,0,0,0,1
786,Middle,79900,1,1041,1,0,0,1,1,0,1,0,0,0,1,0,1,0,0
787,Old,19700,0,535,1,0,0,1,0,1,0,1,1,0,0,1,0,0,0
788,Middle,35300,0,1369,1,0,0,1,0,1,1,0,0,0,1,0,0,1,0
789,Old,52000,0,2545,0,1,1,0,1,0,0,1,0,0,1,0,0,1,0
790,Young,21300,1,329,0,1,0,1,0,1,1,0,0,0,1,0,1,0,0
791,Middle,63700,0,1351,0,1,1,0,0,1,1,0,0,1,0,1,0,0,0
792,Old,25900,0,582,1,0,1,0,1,0,1,0,0,1,0,0,0,1,0
793,Middle,65800,2,578,0,1,0,1,1,0,1,0,0,1,0,0,0,1,0
794,Old,11000,0,195,1,0,0,1,0,1,1,0,0,1,0,0,0,0,1
795,Old,65900,0,777,1,0,0,1,1,0,1,0,0,0,1,0,1,0,0
796,Middle,108100,1,1133,1,0,1,0,1,0,1,0,1,0,0,0,1,0,0
797,Middle,107300,2,1566,0,1,1,0,1,0,1,0,1,0,0,0,0,1,0
798,Middle,79500,0,1651,1,0,0,1,1,0,1,0,0,1,0,0,1,0,0
799,Middle,95900,0,3168,1,0,0,1,1,0,1,0,0,1,0,0,0,0,1
800,Middle,45200,1,699,0,1,0,1,0,1,1,0,0,0,1,0,0,1,0
801,Middle,98500,0,2034,0,1,1,0,1,0,1,0,1,0,0,0,0,1,0
802,Old,96200,0,1457,1,0,1,0,1,0,1,0,0,0,1,0,1,0,0
803,Young,17900,0,395,0,1,0,1,0,1,1,0,0,1,0,0,0,1,0
804,Middle,42700,0,541,0,1,1,0,1,0,1,0,0,0,1,1,0,0,0
805,Middle,49700,0,2844,0,1,1,0,0,1,0,1,1,0,0,0,0,0,1
806,Middle,43000,3,225,1,0,0,1,0,1,1,0,0,1,0,0,0,0,1
807,Young,15500,1,210,1,0,0,1,0,1,1,0,0,1,0,1,0,0,0
808,Young,13000,3,43,0,1,0,1,0,1,1,0,0,0,1,1,0,0,0
809,Middle,27200,3,243,1,0,0,1,0,1,1,0,0,0,1,0,0,0,1
810,Old,26700,0,1120,1,0,1,0,1,0,1,0,0,1,0,0,0,0,1
811,Old,61000,0,975,0,1,1,0,0,1,0,1,0,1,0,1,0,0,0
812,Middle,76600,3,2904,1,0,1,0,1,0,1,0,0,0,1,0,0,0,1
813,Middle,117500,2,927,0,1,1,0,1,0,1,0,1,0,0,0,1,0,0
814,Old,90600,0,3167,0,1,1,0,1,0,1,0,1,0,0,0,0,0,1
815,Young,12600,0,241,1,0,0,1,0,1,0,1,1,0,0,1,0,0,0
816,Old,12700,2,65,1,0,1,0,0,1,1,0,0,0,1,1,0,0,0
817,Middle,77600,3,858,1,0,1,0,1,0,0,1,0,1,0,0,1,0,0
818,Middle,92400,1,2191,1,0,0,1,1,0,0,1,0,0,1,1,0,0,0
819,Old,71800,0,1946,1,0,0,1,1,0,1,0,1,0,0,0,0,0,1
820,Middle,95800,3,2581,0,1,1,0,1,0,0,1,0,1,0,0,1,0,0
821,Young,32600,3,172,1,0,1,0,0,1,1,0,1,0,0,0,1,0,0
822,Middle,74500,2,824,0,1,1,0,1,0,1,0,0,1,0,0,1,0,0
823,Old,29200,0,556,1,0,0,1,0,1,1,0,1,0,0,0,1,0,0
824,Young,12900,1,167,1,0,0,1,0,1,0,1,1,0,0,1,0,0,0
825,Middle,117700,1,2104,0,1,0,1,1,0,1,0,1,0,0,0,1,0,0
826,Middle,64100,1,1332,1,0,1,0,1,0,1,0,1,0,0,0,0,1,0
827,Middle,46500,1,829,1,0,0,1,0,1,1,0,1,0,0,0,0,0,1
828,Young,12400,1,229,1,0,0,1,0,1,1,0,0,1,0,0,1,0,0
829,Middle,130600,0,3442,0,1,1,0,1,0,0,1,1,0,0,0,0,1,0
830,Middle,74400,0,1893,0,1,1,0,1,0,0,1,0,0,1,1,0,0,0
831,Old,40600,2,690,1,0,1,0,0,1,0,1,0,0,1,1,0,0,0
832,Young,54200,1,486,1,0,0,1,1,0,1,0,0,1,0,1,0,0,0
833,Middle,65400,1,2290,0,1,1,0,0,1,0,1,0,0,1,0,1,0,0
834,Middle,49100,0,934,0,1,0,1,0,1,1,0,0,1,0,1,0,0,0
835,Young,10600,2,517,1,0,0,1,0,1,1,0,0,0,1,0,0,0,1
836,Young,76400,0,2216,1,0,0,1,1,0,1,0,0,0,1,0,1,0,0
837,Middle,93700,1,1521,1,0,0,1,1,0,1,0,0,1,0,0,0,0,1
838,Middle,49000,0,1523,0,1,0,1,0,1,0,1,1,0,0,0,0,1,0
839,Middle,96500,1,1364,1,0,1,0,1,0,1,0,0,1,0,0,0,1,0
840,Middle,55600,0,952,0,1,1,0,0,1,1,0,0,1,0,0,1,0,0
841,Middle,99600,1,871,0,1,1,0,1,0,1,0,0,0,1,1,0,0,0
842,Middle,79900,3,295,1,0,1,0,1,0,1,0,0,0,1,0,1,0,0
843,Old,50500,0,642,1,0,0,1,1,0,1,0,0,0,1,0,1,0,0
844,Old,16300,0,317,1,0,1,0,0,1,0,1,1,0,0,1,0,0,0
845,Old,49200,0,1078,1,0,1,0,1,0,1,0,1,0,0,0,1,0,0
846,Middle,48100,2,961,0,1,1,0,0,1,0,1,0,0,1,0,0,1,0
847,Middle,61300,2,1241,0,1,1,0,0,1,0,1,0,0,1,0,0,0,1
848,Middle,72600,1,1999,1,0,1,0,1,0,1,0,0,0,1,0,0,1,0
849,Young,19500,0,571,0,1,0,1,0,1,0,1,0,1,0,0,0,0,1
850,Young,17200,1,329,1,0,0,1,0,1,1,0,0,0,1,0,1,0,0
851,Middle,51100,0,1984,0,1,0,1,0,1,0,1,1,0,0,0,0,0,1
852,Middle,76800,1,1061,0,1,1,0,0,1,1,0,0,0,1,0,0,1,0
853,Middle,60200,0,1955,0,1,1,0,0,1,0,1,1,0,0,0,1,0,0
854,Middle,59100,2,580,0,1,0,1,0,1,1,0,0,0,1,0,0,1,0
855,Old,32500,0,883,1,0,1,0,0,1,1,0,0,0,1,0,0,0,1
856,Middle,49500,2,1195,1,0,0,1,0,1,0,1,0,1,0,0,1,0,0
857,Middle,109600,1,2318,0,1,1,0,1,0,1,0,1,0,0,0,1,0,0
858,Young,47300,0,640,1,0,0,1,1,0,1,0,0,1,0,1,0,0,0
859,Middle,93000,1,2644,0,1,0,1,1,0,1,0,0,0,1,0,0,0,1
860,Young,32000,1,1320,1,0,1,0,0,1,0,1,0,0,1,0,0,0,1
861,Young,44700,1,502,1,0,1,0,0,1,1,0,0,0,1,1,0,0,0
862,Old,69400,0,2419,1,0,1,0,1,0,1,0,1,0,0,0,0,1,0
863,Middle,64300,2,661,0,1,1,0,1,0,1,0,0,0,1,1,0,0,0
864,Middle,75400,0,2723,0,1,1,0,0,1,0,1,1,0,0,0,0,0,1
865,Middle,96100,0,1588,0,1,1,0,1,0,1,0,1,0,0,1,0,0,0
866,Old,118000,3,581,1,0,1,0,1,0,1,0,0,1,0,0,1,0,0
867,Young,69700,1,1432,0,1,0,1,1,0,1,0,1,0,0,0,1,0,0
868,Old,59300,0,929,0,1,1,0,0,1,1,0,0,0,1,0,1,0,0
869,Middle,88600,3,212,1,0,0,1,1,0,1,0,1,0,0,1,0,0,0
870,Middle,102600,0,2546,0,1,1,0,1,0,1,0,0,0,1,0,0,1,0
871,Middle,43700,0,1344,0,1,0,1,0,1,1,0,0,1,0,0,0,1,0
872,Old,22400,0,947,1,0,1,0,1,0,1,0,1,0,0,0,0,0,1
873,Middle,70500,1,2145,0,1,0,1,1,0,0,1,1,0,0,0,0,0,1
874,Middle,54200,1,757,0,1,1,0,1,0,1,0,0,0,1,1,0,0,0
875,Middle,25300,1,451,1,0,1,0,0,1,0,1,0,1,0,1,0,0,0
876,Old,116100,1,2975,0,1,1,0,1,0,1,0,0,1,0,0,0,0,1
877,Young,15900,0,406,1,0,0,1,0,1,1,0,0,1,0,0,0,1,0
878,Middle,46600,3,158,1,0,1,0,0,1,1,0,1,0,0,1,0,0,0
879,Young,23200,0,534,0,1,1,0,0,1,1,0,0,0,1,0,0,0,1
880,Young,18200,0,401,0,1,0,1,0,1,1,0,1,0,0,0,1,0,0
881,Middle,82700,1,1753,1,0,1,0,1,0,1,0,1,0,0,0,0,1,0
882,Young,17000,0,659,1,0,0,1,0,1,1,0,1,0,0,0,0,1,0
883,Middle,83000,2,726,0,1,1,0,1,0,1,0,0,1,0,1,0,0,0
884,Young,42400,1,1166,1,0,1,0,1,0,1,0,0,1,0,0,0,1,0
885,Old,40200,2,1197,0,1,1,0,0,1,1,0,0,1,0,0,0,1,0
886,Young,17300,0,411,1,0,0,1,0,1,0,1,0,0,1,1,0,0,0
887,Middle,109800,1,2258,1,0,1,0,1,0,1,0,0,1,0,0,0,0,1
888,Middle,64400,3,1913,1,0,1,0,0,1,0,1,0,1,0,0,0,0,1
889,Young,27600,1,893,1,0,0,1,0,1,0,1,0,0,1,0,0,0,1
890,Young,25100,1,421,1,0,0,1,0,1,1,0,1,0,0,1,0,0,0
891,Middle,46300,3,1138,1,0,1,0,0,1,1,0,0,0,1,1,0,0,0
892,Old,74900,0,1804,1,0,1,0,1,0,0,1,0,1,0,0,1,0,0
893,Middle,67900,0,1418,0,1,1,0,0,1,1,0,1,0,0,0,0,1,0
894,Middle,88500,2,1104,0,1,0,1,1,0,1,0,0,0,1,0,0,0,1
895,Middle,99200,3,2796,0,1,1,0,1,0,1,0,1,0,0,0,1,0,0
896,Old,62800,0,1403,1,0,1,0,1,0,1,0,1,0,0,0,0,1,0
897,Old,76900,2,3230,0,1,1,0,1,0,0,1,0,1,0,0,0,0,1
898,Middle,84100,3,1352,0,1,1,0,1,0,1,0,0,1,0,1,0,0,0
899,Old,77600,0,2004,1,0,1,0,1,0,1,0,0,0,1,0,0,1,0
900,Young,19100,1,403,1,0,0,1,0,1,1,0,0,1,0,0,0,1,0
901,Old,128700,0,3995,1,0,1,0,1,0,0,1,0,1,0,0,0,0,1
902,Young,14400,1,390,1,0,0,1,0,1,0,1,1,0,0,1,0,0,0
903,Old,49600,0,770,0,1,0,1,1,0,1,0,0,1,0,1,0,0,0
904,Middle,47000,0,963,1,0,0,1,0,1,1,0,1,0,0,1,0,0,0
905,Young,36600,0,833,1,0,0,1,1,0,1,0,0,1,0,1,0,0,0
906,Middle,65800,1,869,1,0,1,0,0,1,1,0,0,1,0,0,1,0,0
907,Middle,52800,2,926,0,1,0,1,1,0,0,1,0,0,1,0,1,0,0
908,Middle,96500,0,3780,0,1,1,0,1,0,1,0,0,0,1,0,0,0,1
909,Middle,63500,1,1023,1,0,0,1,1,0,1,0,0,0,1,0,0,1,0
910,Middle,60400,1,791,0,1,0,1,0,1,1,0,0,0,1,1,0,0,0
911,Middle,102700,3,1473,0,1,1,0,1,0,1,0,0,1,0,0,1,0,0
912,Middle,100100,2,1597,0,1,1,0,1,0,1,0,0,1,0,1,0,0,0
913,Middle,54400,0,1150,0,1,0,1,0,1,1,0,1,0,0,1,0,0,0
914,Middle,105600,3,304,0,1,0,1,1,0,1,0,0,1,0,1,0,0,0
915,Old,57900,0,1693,1,0,1,0,1,0,0,1,0,1,0,0,1,0,0
916,Young,31500,3,269,0,1,1,0,0,1,1,0,0,1,0,0,0,1,0
917,Middle,60100,1,1430,1,0,0,1,1,0,0,1,0,0,1,0,0,1,0
918,Middle,87400,2,2729,0,1,0,1,1,0,1,0,0,1,0,0,0,1,0
919,Middle,117900,0,1760,0,1,1,0,1,0,1,0,1,0,0,1,0,0,0
920,Middle,48800,1,1271,0,1,1,0,0,1,1,0,1,0,0,0,0,0,1
921,Middle,67900,3,356,1,0,1,0,1,0,1,0,1,0,0,0,1,0,0
922,Old,66200,0,1024,0,1,0,1,1,0,0,1,0,0,1,1,0,0,0
923,Middle,88000,2,524,0,1,0,1,1,0,1,0,0,0,1,1,0,0,0
924,Middle,94200,1,1211,0,1,0,1,1,0,1,0,0,0,1,0,0,1,0
925,Young,29200,3,636,1,0,0,1,0,1,1,0,0,0,1,1,0,0,0
926,Young,15300,0,645,0,1,0,1,0,1,0,1,0,0,1,0,0,0,1
927,Young,17500,0,472,0,1,0,1,0,1,0,1,0,0,1,0,0,1,0
928,Old,168800,0,1512,0,1,1,0,1,0,1,0,0,0,1,1,0,0,0
929,Middle,40200,0,1634,0,1,0,1,0,1,0,1,0,1,0,0,0,1,0
930,Young,28400,3,182,0,1,0,1,0,1,1,0,0,1,0,0,0,1,0
931,Middle,72200,3,1042,0,1,0,1,1,0,0,1,0,0,1,0,0,1,0
932,Middle,55200,0,1714,1,0,1,0,0,1,0,1,0,1,0,0,0,1,0
933,Middle,44600,0,966,1,0,0,1,0,1,1,0,0,1,0,0,0,1,0
934,Middle,58400,0,829,0,1,1,0,0,1,1,0,0,0,1,0,1,0,0
935,Middle,67800,1,680,1,0,1,0,0,1,1,0,1,0,0,1,0,0,0
936,Old,25500,0,636,1,0,1,0,0,1,1,0,0,0,1,0,0,1,0
937,Young,20000,3,182,1,0,0,1,0,1,0,1,0,1,0,1,0,0,0
938,Middle,52600,1,1773,0,1,0,1,0,1,0,1,1,0,0,0,0,1,0
939,Middle,97600,1,2902,0,1,0,1,1,0,0,1,0,0,1,0,1,0,0
940,Old,23400,0,348,0,1,1,0,1,0,1,0,0,1,0,1,0,0,0
941,Middle,102500,3,548,1,0,1,0,1,0,1,0,0,0,1,0,1,0,0
942,Middle,52300,1,2034,1,0,1,0,1,0,0,1,1,0,0,0,0,1,0
943,Middle,65400,0,2296,0,1,0,1,0,1,0,1,1,0,0,0,1,0,0
944,Young,19600,0,395,0,1,0,1,0,1,1,0,0,0,1,0,1,0,0
945,Old,37000,0,850,0,1,1,0,1,0,0,1,0,1,0,0,1,0,0
946,Young,13200,0,512,1,0,0,1,0,1,0,1,0,1,0,0,0,1,0
947,Middle,63800,1,1622,0,1,0,1,0,1,1,0,0,0,1,0,0,0,1
948,Old,22600,0,865,1,0,0,1,0,1,0,1,0,0,1,0,1,0,0
949,Old,37300,0,673,1,0,1,0,0,1,1,0,0,0,1,1,0,0,0
950,Young,14900,1,422,0,1,0,1,0,1,0,1,1,0,0,0,1,0,0
951,Middle,36700,1,529,1,0,1,0,0,1,1,0,0,1,0,1,0,0,0
952,Middle,63200,0,1932,0,1,1,0,0,1,1,0,0,1,0,0,0,0,1
953,Old,77300,0,1853,0,1,1,0,1,0,1,0,1,0,0,0,0,1,0
954,Middle,43100,1,1224,0,1,0,1,0,1,1,0,0,0,1,0,1,0,0
955,Middle,44800,1,666,1,0,0,1,0,1,0,1,0,0,1,1,0,0,0
956,Old,70900,0,1685,1,0,0,1,1,0,1,0,1,0,0,0,0,0,1
957,Middle,38200,0,1476,1,0,0,1,0,1,0,1,1,0,0,0,0,0,1
958,Young,18400,1,319,1,0,0,1,0,1,0,1,0,0,1,1,0,0,0
959,Middle,40700,3,232,1,0,0,1,0,1,1,0,1,0,0,0,0,1,0
960,Old,71300,0,1543,0,1,1,0,0,1,1,0,0,1,0,0,0,1,0
961,Middle,36400,2,506,1,0,0,1,0,1,1,0,0,1,0,0,0,1,0
962,Young,15400,0,172,0,1,0,1,0,1,1,0,1,0,0,1,0,0,0
963,Middle,39100,1,1001,0,1,1,0,0,1,0,1,0,0,1,0,1,0,0
964,Middle,43800,0,606,0,1,0,1,0,1,1,0,0,1,0,0,1,0,0
965,Young,25300,0,591,0,1,0,1,0,1,0,1,0,1,0,0,1,0,0
966,Old,71800,0,1389,0,1,0,1,1,0,1,0,0,0,1,0,1,0,0
967,Middle,73200,0,2177,0,1,1,0,0,1,1,0,1,0,0,0,0,0,1
968,Middle,79000,1,2279,0,1,1,0,1,0,0,1,0,1,0,0,0,1,0
969,Middle,75200,1,2702,1,0,0,1,1,0,1,0,0,0,1,0,0,0,1
970,Young,25300,3,510,1,0,0,1,0,1,1,0,1,0,0,1,0,0,0
971,Old,43600,0,1047,1,0,1,0,1,0,1,0,0,1,0,0,1,0,0
972,Middle,83600,2,538,0,1,1,0,1,0,1,0,1,0,0,1,0,0,0
973,Middle,56200,0,1546,1,0,1,0,0,1,0,1,1,0,0,0,0,1,0
974,Young,45500,0,754,0,1,0,1,1,0,1,0,0,0,1,1,0,0,0
975,Middle,99300,1,1504,0,1,1,0,1,0,1,0,1,0,0,0,1,0,0
976,Middle,108000,3,1849,0,1,1,0,1,0,0,1,0,0,1,0,0,0,1
977,Middle,84900,1,3072,1,0,1,0,1,0,0,1,0,1,0,0,0,0,1
978,Middle,93000,3,1046,0,1,1,0,1,0,0,1,0,0,1,1,0,0,0
979,Middle,82000,0,1800,1,0,1,0,1,0,1,0,1,0,0,0,0,1,0
980,Old,33000,3,700,1,0,1,0,0,1,1,0,0,0,1,1,0,0,0
981,Middle,36900,2,514,1,0,1,0,0,1,1,0,0,0,1,0,0,0,1
982,Middle,33200,1,320,1,0,0,1,0,1,1,0,0,1,0,1,0,0,0
983,Young,49300,0,1692,0,1,0,1,1,0,1,0,1,0,0,0,0,0,1
984,Old,66200,0,2057,0,1,0,1,1,0,0,1,0,1,0,0,0,0,1
985,Middle,96800,2,2299,0,1,1,0,1,0,0,1,0,1,0,0,0,1,0
986,Old,63200,0,1507,0,1,1,0,0,1,1,0,0,1,0,0,0,0,1
987,Old,112900,0,6217,0,1,1,0,1,0,0,1,0,0,1,0,0,0,1
988,Middle,32100,2,405,1,0,0,1,0,1,1,0,0,1,0,0,0,0,1
989,Middle,102700,1,3785,0,1,1,0,1,0,0,1,0,0,1,0,0,1,0
990,Middle,123800,2,3537,0,1,1,0,1,0,1,0,0,0,1,0,0,1,0
991,Old,11700,0,540,1,0,0,1,0,1,0,1,1,0,0,0,0,1,0
992,Middle,101700,1,941,0,1,1,0,1,0,1,0,1,0,0,1,0,0,0
993,Middle,99200,0,5503,1,0,1,0,1,0,0,1,0,1,0,0,0,0,1
994,Young,17600,0,273,0,1,0,1,0,1,1,0,0,0,1,1,0,0,0
995,Young,19400,1,384,1,0,0,1,0,1,1,0,0,1,0,0,0,1,0
996,Middle,40500,1,1073,0,1,0,1,0,1,0,1,0,1,0,0,0,1,0
997,Old,44800,0,1417,0,1,1,0,0,1,1,0,1,0,0,0,0,0,1
998,Middle,79000,2,671,0,1,1,0,1,0,1,0,1,0,0,0,0,1,0
999,Young,53600,1,973,0,1,0,1,1,0,1,0,1,0,0,0,0,0,1
